<?xml version="1.0" encoding="UTF-8" standalone="yes"?>
<SharedFlowBundle revision="1" name="0-SF-LogULFFContent">
    <ConfigurationVersion majorVersion="4" minorVersion="0"/>
    <CreatedAt>1577947094556</CreatedAt>
    <CreatedBy>jayashree_r05@infosys.com</CreatedBy>
    <Description>Shared flow implementing logging</Description>
    <DisplayName>0-SF-Logging</DisplayName>
    <LastModifiedAt>1577947094556</LastModifiedAt>
    <LastModifiedBy>jayashree_r05@infosys.com</LastModifiedBy>
    <ManifestVersion>SHA-512:452ee73f5315cb323a5f1a93bd9e2535e1edc3a1491748a40be99cf6a122630826a8d6fe56cb067cabc994ab03bbff0c030399b4d19a6f106336028c7cab7826:ap-northeast-1</ManifestVersion>
    <Policies>
        <Policy>4-JS-LoggingContent</Policy>
        <Policy>4-ML-WriteLog</Policy>
    </Policies>
    <Resources>
        <Resource>jsc://LoggingContent/LoggingContent.js</Resource>
        <Resource>jsc://LoggingContent/invokePolicy.js</Resource>
        <Resource>spec://LoggingULFFContentSpec.js</Resource>
    </Resources>
    <Spec></Spec>
    <subType>SharedFlow</subType>
    <SharedFlows>
        <SharedFlow>default</SharedFlow>
    </SharedFlows>
</SharedFlowBundle>
