<?xml version="1.0" encoding="UTF-8" standalone="yes"?>
<Manifest name="manifest">
    <Policies>
        <VersionInfo resourceName="4-JS-SetAPICategory" version="SHA-512:2696c58c10862d67ca06d28f711915181fbc55f0a89984da02a866d05a52c75a9409d068f3b93b9fd5155bec51b8104f8b81f35c8574e157d2a87f19ef1a72c8"/>
        <VersionInfo resourceName="4-STC-CustomDimensions" version="SHA-512:01d23e5ee6e287bfc201e1990e219aa0f296ad33d90d57f00ce2c3113d6c7bf6b534f75f95ee6c9c6fe73532496bd4f677832b35fdee5ce4855924e043c53c0c"/>
    </Policies>
    <ProxyEndpoints/>
    <Resources>
        <VersionInfo resourceName="jsc://InvokePolicy.js" version="SHA-512:ad4d7a0b6c4748eb818f247391bb1ebe2ba596f35a06bea3d8fc940c1f9a1b7f3ad53bced9d14739a85672c0eba144005e4e3584aa5eb9d5c6c1e92b8e8342a9"/>
        <VersionInfo resourceName="jsc://SetAPICategory.js" version="SHA-512:34d27c85a4a7c28424136c87a0766675318c9b98ee61dfd999741bb1aa7bf8f620c56a1de872acc7dab99948954f5400e46c7c188a46fbc54bc946befe4b21cb"/>
    </Resources>
    <SharedFlows>
        <VersionInfo resourceName="default" version="SHA-512:1c9090dca3ef45476298a140cd41044fab01339d02526ea942baee70fb4623c0173402c03df5383d84d530104295c1c623d96f1fbed4b743ccc6155724424cfa"/>
    </SharedFlows>
    <TargetEndpoints/>
</Manifest>
