<?xml version="1.0" encoding="UTF-8" standalone="yes"?>
<Manifest name="manifest">
    <Policies>
        <VersionInfo resourceName="JavaScript_Check_Authorized_Access" version="SHA-512:70d62a7115c123881a64a9d1e765850bef8d5ef94f984c4b77e9d59536a72d92b282c99649e3ba7799dcb0105e4ffec8313a46d00c087b36dfb5ac91b8fd20db"/>
        <VersionInfo resourceName="Key_Value_Map_Operations_GetServices" version="SHA-512:3fe75cc604ca668519461e89986ed06b7be8a15885be61111ff2296cae31c4df109d700809555188d03612a9cd16a98525632c96300a6ed66760f78d6586ba8e"/>
        <VersionInfo resourceName="Verify_JWT_Token" version="SHA-512:ecc80502c6c9c162d8d922fbdc6cef63ea5a8382e4a513cc71b2a20187a004b2d5cf9dc136b8e68ec85111650635bd6eb2913492e9ee881b3e25d93b466d1a39"/>
    </Policies>
    <ProxyEndpoints/>
    <Resources>
        <VersionInfo resourceName="jsc://LoignUser_Resource_Validation.js" version="SHA-512:9676eab5b3c24ec3cba18332cd17f5fc5264ab046258ea2f64e7c41a695fc13969db16fbc5e63565d59c9f790e129389fcba81140fef8774bb71632de8d26a8a"/>
    </Resources>
    <SharedFlows>
        <VersionInfo resourceName="default" version="SHA-512:ed5a98a38a617b4e5a3bbc0e4f377d2b35c07aeff4f99fdccc3c13f484ae360ec990b3d5d08633eedef146a55033f5e8edc2bc6a9b870e11fe3b94cf8da1a1ef"/>
    </SharedFlows>
    <TargetEndpoints/>
</Manifest>
