<?xml version="1.0" encoding="UTF-8" standalone="yes"?>
<Manifest name="manifest">
    <Policies>
        <VersionInfo resourceName="Basic-Authentication-1" version="SHA-512:caf3a881740fd813da2f26965cb898cbfe1bef0916432d6cdce439a0f8f078c85d69721ae8925ae32932e176cf841a8b0516bfb71eded59a05d18f389d02bd8b"/>
        <VersionInfo resourceName="JavaScript-1" version="SHA-512:5cf0ea15f602024aa350a8b98704ed506054493363f785aaf99b585236be8038d6382fcd6e43c6b93b4f9f475a8663359305396a9f248d2c49e1a71aa7d90ac1"/>
        <VersionInfo resourceName="Raise-Fault-1" version="SHA-512:a2b73442fd9b19e896eb6b5e6cd1b2cde76e3d3a82dd015d077055e83cb8bba9eadf85c407fdf986a6dd81e91aacff88006c4d314d25bf40f7b0b2e0eee9bf9f"/>
        <VersionInfo resourceName="Verify-API-Key-1" version="SHA-512:2d614f63eb2529f352a16d7b63524b4ecd96618dad1a1739335d61eca2f00083d4427441185e9359c92f461a3e773522e6e1aab23edec2028d387f0733f79b18"/>
    </Policies>
    <ProxyEndpoints/>
    <Resources>
        <VersionInfo resourceName="jsc://JavaScript-1.js" version="SHA-512:d00690e948e53bbb61658ca5b3305080dc3f6eb32ee120b464589e27fa0edb9eec6e8fd01a3a8dc6f10205303f0b2ab4dfdaef5113bebf69e7d61754ff504f7c"/>
    </Resources>
    <SharedFlows>
        <VersionInfo resourceName="default" version="SHA-512:41f9feaf18588b2b5e6402a56aac665b8046acb2e99d39d133c0ef2a16fe756d62f078b861e5e71963ef89049cc12f241d53a10c600266f0c76e8e1ebc211991"/>
    </SharedFlows>
    <TargetEndpoints/>
</Manifest>
