<?xml version="1.0" encoding="UTF-8" standalone="yes"?>
<SharedFlow name="default">
    <Step>
        <Name>3-KVMO-GetCORSList</Name>
    </Step>
    <Step>
        <Condition>(CORSValues == null)</Condition>
        <Name>3-KVMO-GetDefaultCORSList</Name>
    </Step>
    <Step>
        <Name>3-EV-ExtractCORSList</Name>
    </Step>
    <Step>
        <Name>4-JS-ProcessNetworkCorsPreflightRequest</Name>
    </Step>
    <Step>
        <Condition>isValidPreflightRequest == false</Condition>
        <Name>3-AM-AssignPreflightResponseNoHeaders</Name>
    </Step>
    <Step>
        <Condition>isValidPreflightRequest == true</Condition>
        <Name>3-AM-AssignPreflightResponseWithHeaders</Name>
    </Step>
</SharedFlow>