<?xml version="1.0" encoding="UTF-8" standalone="yes"?>
<SharedFlowBundle revision="2" name="0-SF-GetDeveloperAppProfile">
    <ConfigurationVersion majorVersion="4" minorVersion="0"/>
    <CreatedAt>1620988344977</CreatedAt>
    <CreatedBy>lipi.gandhi@infosys.com</CreatedBy>
    <Description>undefined</Description>
    <DisplayName>0-SF-GetDeveloperAppProfile</DisplayName>
    <LastModifiedAt>1620988344977</LastModifiedAt>
    <LastModifiedBy>lipi.gandhi@infosys.com</LastModifiedBy>
    <ManifestVersion>SHA-512:408908f74025303c3040f29693205588db6b620216ac2945ccd814513ae1dcc3e380204042d4596ee861aa919a191bf49b945e185112b6e183e24a675589de00:ap-southeast-2</ManifestVersion>
    <Policies>
        <Policy>AssignGenericDeveloperProfileAccessError</Policy>
        <Policy>LookupDeveloperAppOrgCache</Policy>
        <Policy>PopulateDeveloperAppOrgCache</Policy>
        <Policy>getDeveloperAppProfile</Policy>
    </Policies>
    <Resources>
        <Resource>jsc://AssignGenericDeveloperProfileAccessError.js</Resource>
    </Resources>
    <Spec></Spec>
    <subType>SharedFlow</subType>
    <SharedFlows>
        <SharedFlow>default</SharedFlow>
    </SharedFlows>
</SharedFlowBundle>
