<?xml version="1.0" encoding="UTF-8" standalone="yes"?>
<KeyValueMapOperations name="3-KVMO-GetDefaultCORSList" enabled="true" continueOnError="false" async="false" mapIdentifier="SF-KVM-CORS">
    <DisplayName>3-KVMO-GetDefaultCORSList</DisplayName>
    <ExclusiveCache>false</ExclusiveCache>
    <ExpiryTimeInSecs>-1</ExpiryTimeInSecs>
    <InitialEntries/>
    <Get assignTo="CORSValues">
        <Key>
            <Parameter>CORSValues</Parameter>
        </Key>
    </Get>
    <Scope>environment</Scope>
</KeyValueMapOperations>