<?xml version="1.0" encoding="UTF-8" standalone="yes"?>
<SharedFlowBundle revision="2" name="0-SF-ApplySpikeArrest">
    <ConfigurationVersion majorVersion="4" minorVersion="0"/>
    <CreatedAt>1620985821093</CreatedAt>
    <CreatedBy>lipi.gandhi@infosys.com</CreatedBy>
    <Description>
        Sets Quota setting to defined Values, out of a KVM, based on the apiproxy-name.
        Input: N/A;
        Output: A Proxy Specific Spike-Arrest-Setting.</Description>
    <DisplayName>0-SF-ApplySpikeArrest</DisplayName>
    <LastModifiedAt>1620985821093</LastModifiedAt>
    <LastModifiedBy>lipi.gandhi@infosys.com</LastModifiedBy>
    <ManifestVersion>SHA-512:be353d3eec1352b2df11e04bc97474119d05501ea111f96df870254cab66b92f2c1024cbd1ba3e2dad6944872ca992399d999e9351e92363a9fc6fb44b30ffc8:ap-northeast-1</ManifestVersion>
    <Policies>
        <Policy>1-SA-ThrottlingSpikeArrest</Policy>
        <Policy>3-EV-ExtractEnabled</Policy>
        <Policy>3-EV-ExtractSpikeArrest</Policy>
        <Policy>3-KVMO-GetDefaultSpikeArrest</Policy>
        <Policy>3-KVMO-GetSpikeArrest</Policy>
    </Policies>
    <Resources/>
    <Spec></Spec>
    <subType>SharedFlow</subType>
    <SharedFlows>
        <SharedFlow>default</SharedFlow>
    </SharedFlows>
</SharedFlowBundle>
