<?xml version="1.0" encoding="UTF-8" standalone="yes"?>
<ExtractVariables async="false" continueOnError="false" enabled="true" name="3-EV-ExtractEnabled">
    <DisplayName>3-EV-ExtractEnabled</DisplayName>
    <FaultRules/>
    <Properties/>
    <IgnoreUnresolvedVariables>true</IgnoreUnresolvedVariables>
    <JSONPayload>
        <Variable name="enabled">
            <JSONPath>$.enabled</JSONPath>
        </Variable>
    </JSONPayload>
    <Source clearPayload="false">security_request_csrf</Source>
</ExtractVariables>