<?xml version="1.0" encoding="UTF-8" standalone="yes"?>
<KeyValueMapOperations async="false" continueOnError="false" enabled="true" name="RetrieveBasicAuth" mapIdentifier="BY_Credentials">
    <DisplayName>RetrieveBasicAuth</DisplayName>
    <ExclusiveCache>false</ExclusiveCache>
    <ExpiryTimeInSecs>300</ExpiryTimeInSecs>
    <Get assignTo="private.byBasicAuth">
        <Key>
            <Parameter>basicAuth</Parameter>
        </Key>
    </Get>
    <Scope>environment</Scope>
</KeyValueMapOperations>