<?xml version="1.0" encoding="UTF-8" standalone="yes"?>
<AssignMessage async="false" continueOnError="false" enabled="true" name="SetVariables">
    <DisplayName>SetVariables</DisplayName>
    <Set>
        <Name>private.byBasicAuth</Name>
        <Value>{private.byBasicAuth}</Value>
    </Set>
    <Set>
        <Name>oAuthEndPointURI</Name>
        <Value>{oAuthEndPointURI}</Value>
    </Set>
    <IgnoreUnresolvedVariables>true</IgnoreUnresolvedVariables>
    <AssignTo createNew="false" transport="http" type="request"/>
</AssignMessage>