<?xml version="1.0" encoding="UTF-8" standalone="yes"?>
<SharedFlowBundle revision="4" name="SF-GenerateCorrelationId">
    <ConfigurationVersion majorVersion="4" minorVersion="0"/>
    <CreatedAt>1657201294127</CreatedAt>
    <CreatedBy>shrenikkumar_s@infosys.com</CreatedBy>
    <Description>Checks if the header mwh-correlationid is present, if not generates one and propagates</Description>
    <DisplayName>SF-GenerateCorrelationId</DisplayName>
    <LastModifiedAt>1657782018424</LastModifiedAt>
    <LastModifiedBy>shrenikkumar_s@infosys.com</LastModifiedBy>
    <ManifestVersion>SHA-512:22e6fd3f9ad1af64c0553dc3bc2aa4f61ef333f1feaffe76b000b7528d09fb096ca6d6628bd036517e026a6dcb9097549827d836042f4870ca4feffffb14ac68:ap-northeast-1</ManifestVersion>
    <Policies>
        <Policy>4-JS-GenerateCorrelationId</Policy>
    </Policies>
    <Resources>
        <Resource>jsc://GenerateCorrelationId/GenerateCorrelationId.js</Resource>
        <Resource>jsc://GenerateCorrelationId/InvokePolicy.js</Resource>
    </Resources>
    <Spec></Spec>
    <subType>SharedFlow</subType>
    <SharedFlows>
        <SharedFlow>default</SharedFlow>
    </SharedFlows>
</SharedFlowBundle>
