<?xml version="1.0" encoding="UTF-8" standalone="yes"?>
<ExtractVariables async="false" continueOnError="false" enabled="true" name="3-EV-ExtractIncomingResponseSchema">
    <DisplayName>3-EV-ExtractIncomingResponseSchema</DisplayName>
    <IgnoreUnresolvedVariables>true</IgnoreUnresolvedVariables>
    <Source clearPayload="false">validationJsonSchemas</Source>
    <JSONPayload>
        <Variable name="jsonSchemaResponse">
            <JSONPath>$.{proxy.pathsuffix}.{message.verb}</JSONPath>
        </Variable>
    </JSONPayload>
</ExtractVariables>