<?xml version="1.0" encoding="UTF-8" standalone="yes"?>
<ExtractVariables name="3-EV-ExtractSchema" enabled="true" continueOnError="false" async="false">
    <DisplayName>3-EV-ExtractSchema</DisplayName>
    <FaultRules/>
    <Properties/>
    <IgnoreUnresolvedVariables>true</IgnoreUnresolvedVariables>
    <JSONPayload>
        <Variable name="jsonSchemaResponse">
            <JSONPath>$.{proxy.pathsuffix}</JSONPath>
        </Variable>
    </JSONPayload>
    <Source clearPayload="false">validationJsonSchemas</Source>
</ExtractVariables>