<?xml version="1.0" encoding="UTF-8" standalone="yes"?>
<SharedFlow name="default">
    <Step>
        <Name>1-LC-RetrieveUserInfoCache</Name>
    </Step>
    <Step>
        <Condition>(lookupcache.1-LC-RetrieveUserInfoCache.cachehit == false)</Condition>
        <Name>0-FC-InternalUserInfoCallout</Name>
    </Step>
    <Step>
        <Condition>(lookupcache.1-LC-RetrieveUserInfoCache.cachehit == true)</Condition>
        <Name>3-EV-ExtractCachedValues</Name>
    </Step>
    <Step>
        <Name>4-JS-AssignRequestHeaders</Name>
    </Step>
</SharedFlow>