<?xml version="1.0" encoding="UTF-8" standalone="yes"?>
<OAuthV2 async="false" continueOnError="false" enabled="true" name="2-OA2-VerifyAccessToken">
    <DisplayName>2-OA2-VerifyAccessToken</DisplayName>
    <Properties/>
    <Attributes/>
    <ExternalAuthorization>false</ExternalAuthorization>
    <Operation>VerifyAccessToken</Operation>
    <AccessToken>request.header.Authorization</AccessToken>
    <AccessTokenPrefix>Bearer</AccessTokenPrefix>
    <GenerateResponse enabled="true"/>
</OAuthV2>