<?xml version="1.0" encoding="UTF-8" standalone="yes"?>
<KeyValueMapOperations async="false" continueOnError="false" enabled="true" name="3-KVMO-GetScopeConfig" mapIdentifier="SF-ValidateOAuthToken">
    <DisplayName>3-KVMO-GetScopeConfig</DisplayName>
    <Properties/>
    <ExclusiveCache>false</ExclusiveCache>
    <ExpiryTimeInSecs>300</ExpiryTimeInSecs>
    <InitialEntries>
        <Entry>
            <Key>
                <Parameter>MSA-EmployeeManagement</Parameter>
            </Key>
            <Value>{ "api_scopes": "FETCH_EMPLOYEE_RECORD,CREATE_EMPLOYEE_RECORD,CREATE_EMPLOYEE_RECORD_XML,EMPLOYEE_MANAGEMENT_ALL", "FetchEmployeeRecord": { "allowedScopesList": "FETCH_EMPLOYEE_RECORD,EMPLOYEE_MANAGEMENT_ALL" }, "CreateEmployeeRecord": { "allowedScopesList": "CREATE_EMPLOYEE_RECORD,EMPLOYEE_MANAGEMENT_ALL" }, "CreateEmployeeRecordXML": { "allowedScopesList": "CREATE_EMPLOYEE_RECORD_XML,EMPLOYEE_MANAGEMENT_ALL" } }</Value>
        </Entry>
    </InitialEntries>
    <Get assignTo="private.scopeConfig">
        <Key>
            <Parameter ref="apiproxy.name"/>
        </Key>
    </Get>
    <Scope>environment</Scope>
</KeyValueMapOperations>