<?xml version="1.0" encoding="UTF-8" standalone="yes"?>
<SharedFlow name="default">
    <Step>
        <Name>Api_AssignMessage_BackendTimeout</Name>
        <Condition>(message.status.code=503 or message.status.code=504)</Condition>
    </Step>
    <Step>
        <Name>API_AssignMessage_UnAuthorized</Name>
        <Condition>(fault.name Matches "FailedToResolveAPIKey" or fault.name Matches "InvalidApiKey" or ws.statuscode = "401")</Condition>
    </Step>
    <Step>
        <Name>API_AssignMessage_NotFound</Name>
        <Condition>(message.status.code=404)</Condition>
    </Step>
    <Step>
        <Name>API_AssignMessage_Forbidden</Name>
        <Condition>(message.status.code=403)</Condition>
    </Step>
    <Step>
        <Name>Api_AssignMessage_SetDefaultErrorValues</Name>
        <Condition>(ws.fault.message=null)</Condition>
    </Step>
    <!--    <Step>
        <Name>Api_AssignMessage_CustomErrorPayload</Name>
        <Condition>(ws.fault.payload!=null)</Condition>
    </Step>-->
    <Step>
        <Name>Api_AssignMessage_XMLErrorPayload</Name>
        <Condition>(ws.responsecontenttype Matches "*application/xml*" or ws.responsecontenttype Matches "*applicaiton/xml+fhir*")</Condition>
    </Step>
    <Step>
        <Name>Api_AssignMessage_JSONErrorPayload</Name>
        <Condition>((ws.fault.code=null) and (ws.responsecontenttype Matches "*application/json*" or ws.responsecontenttype Matches "*applicaiton/json+fhir*"))</Condition>
    </Step>
    <Step>
        <Name>Api_Assign_Message_Add_CORS</Name>
    </Step>
</SharedFlow>