<?xml version="1.0" encoding="UTF-8" standalone="yes"?>
<SharedFlowBundle revision="3" name="SF-ClientIDEnforcement">
    <ConfigurationVersion majorVersion="4" minorVersion="0"/>
    <CreatedAt>1657615235264</CreatedAt>
    <CreatedBy>shrenikkumar_s@infosys.com</CreatedBy>
    <Description>Validates the request based on request headers mwh-appid (ClientId) and mwh-clientsecret (ClientSecret)</Description>
    <DisplayName>SF-ClientIDEnforcement</DisplayName>
    <LastModifiedAt>1657896219257</LastModifiedAt>
    <LastModifiedBy>shrenikkumar_s@infosys.com</LastModifiedBy>
    <ManifestVersion>SHA-512:3a609ff7b3e25b645072a134d16644208ca0ad8c1dddf2749ed5b553dd5d0dc7a182eaa74cab26f2e46db5dd0ec3b8a21f55f1e56555af586dad150f32a8771d:ap-northeast-1</ManifestVersion>
    <Policies>
        <Policy>2-VAK-ValidateAPIKey</Policy>
        <Policy>4-JS-ValidateClientSecret</Policy>
    </Policies>
    <Resources/>
    <Spec></Spec>
    <subType>SharedFlow</subType>
    <SharedFlows>
        <SharedFlow>default</SharedFlow>
    </SharedFlows>
</SharedFlowBundle>
