<?xml version="1.0" encoding="UTF-8" standalone="yes"?>
<KeyValueMapOperations name="3-KVMO-GetDefaultSpikeArrest" enabled="true" continueOnError="false" async="false" mapIdentifier="SF-KVM-SpikeArrest" encrypted="false">
    <DisplayName>3-KVMO-GetDefaultSpikeArrest</DisplayName>
    <FaultRules/>
    <Properties/>
    <ExclusiveCache>false</ExclusiveCache>
    <ExpiryTimeInSecs>-1</ExpiryTimeInSecs>
    <InitialEntries/>
    <Get assignTo="trafficManagementConfig">
        <Key>
            <Parameter>Default</Parameter>
        </Key>
    </Get>
    <Scope>environment</Scope>
</KeyValueMapOperations>