<?xml version="1.0" encoding="UTF-8" standalone="yes"?>
<SharedFlowBundle revision="1" name="0-SF-ValidateRequest">
    <ConfigurationVersion majorVersion="4" minorVersion="0"/>
    <CreatedAt>1577947509149</CreatedAt>
    <CreatedBy>jayashree_r05@infosys.com</CreatedBy>
    <Description>0-SF-ValidateRequest</Description>
    <DisplayName>SF-ValidateRequest</DisplayName>
    <LastModifiedAt>1577947509149</LastModifiedAt>
    <LastModifiedBy>jayashree_r05@infosys.com</LastModifiedBy>
    <ManifestVersion>SHA-512:d7318061ff4d07bfeee394338120c8a63595898b6cf22f2c02ee8186944762178d5fe77e0582f2267c711e79ffde0699baa4cbfe5f08bbd8ca64076a230b4b77:ap-northeast-1</ManifestVersion>
    <Policies>
        <Policy>3-EV-ExtractIncomingRequestSchema</Policy>
        <Policy>3-KVMO-ExtractAPISchema</Policy>
        <Policy>3-KVMO-GetIncomingRequestSchemas</Policy>
        <Policy>4-JS-ValidateJSON</Policy>
    </Policies>
    <Resources>
        <Resource>jsc://ValidateJSON/InvokePolicy.js</Resource>
        <Resource>jsc://ValidateJSON/ValidateJSON.js</Resource>
        <Resource>jsc://ValidateJSON/tv4.js</Resource>
        <Resource>spec://ValidateJSONRequestSpec.js</Resource>
    </Resources>
    <Spec></Spec>
    <subType>SharedFlow</subType>
    <SharedFlows>
        <SharedFlow>default</SharedFlow>
    </SharedFlows>
</SharedFlowBundle>
