<?xml version="1.0" encoding="UTF-8" standalone="yes"?>
<KeyValueMapOperations async="false" continueOnError="false" enabled="true" name="3-KVMO-GetDefaultHeadersList" mapIdentifier="SF-KVM-SetOutHeaders">
    <DisplayName>3-KVMO-GetDefaultHeadersList</DisplayName>
    <ExclusiveCache>false</ExclusiveCache>
    <ExpiryTimeInSecs>-1</ExpiryTimeInSecs>
    <InitialEntries/>
    <Get assignTo="validationHeaderConfig">
        <Key>
            <Parameter>Default</Parameter>
        </Key>
    </Get>
    <Scope>environment</Scope>
</KeyValueMapOperations>