<?xml version="1.0" encoding="UTF-8" standalone="yes"?>
<SharedFlowBundle revision="1" name="SF-QuotaRateLimiting">
    <ConfigurationVersion majorVersion="4" minorVersion="0"/>
    <CreatedAt>1657777792567</CreatedAt>
    <CreatedBy>shrenikkumar_s@infosys.com</CreatedBy>
    <Description>Applies Quota to limit the number of requests to API proxy calls over a specific period of time</Description>
    <DisplayName>SF-QuotaRateLimiting</DisplayName>
    <LastModifiedAt>1657789981296</LastModifiedAt>
    <LastModifiedBy>shrenikkumar_s@infosys.com</LastModifiedBy>
    <ManifestVersion>SHA-512:c6b0ddad7091371985702592f41b43076b575211ad9beadf8ff07655846eb9809dc73f7856fec447dba90ff664bbb11030a9c39c830d7106bbc3ce26efe7413e:ap-northeast-1</ManifestVersion>
    <Policies>
        <Policy>1-Q-ApplyQuota</Policy>
        <Policy>3-EV-ParseQuotaConfig</Policy>
        <Policy>3-KVMO-GetQuotaConfig</Policy>
        <Policy>3-KVMO-GetQuotaConfigDefault</Policy>
    </Policies>
    <Resources/>
    <Spec></Spec>
    <subType>SharedFlow</subType>
    <SharedFlows>
        <SharedFlow>default</SharedFlow>
    </SharedFlows>
</SharedFlowBundle>
