<?xml version="1.0" encoding="UTF-8" standalone="yes"?>
<ExtractVariables name="3-EV-ExtractCachedValues" enabled="true" continueOnError="false" async="false">
    <DisplayName>3-EV-ExtractCachedValues</DisplayName>
    <Properties/>
    <IgnoreUnresolvedVariables>true</IgnoreUnresolvedVariables>
    <JSONPayload>
        <Variable name="signedJWTFromCache">
            <JSONPath>$.signedJWTFromWSO2</JSONPath>
        </Variable>
        <Variable name="unsignedJWTFromCache">
            <JSONPath>$.unsignedJWTFromAPIProfile</JSONPath>
        </Variable>
    </JSONPayload>
    <Source clearPayload="false">userInfoResponse</Source>
</ExtractVariables>