<?xml version="1.0" encoding="UTF-8" standalone="yes"?>
<SharedFlow name="default">
    <Step>
        <FaultRules/>
        <Name>3-KVMO-GetQuotaValues</Name>
    </Step>
    <Step>
        <Condition>(apiConfig == null)</Condition>
        <Name>3-KVMO-GetKVMDefaultValue</Name>
    </Step>
    <Step>
        <Name>3-EV-ExtractQuotasFromKVM</Name>
    </Step>
    <Step>
        <Condition>(quota != null) and (enabled == true)</Condition>
        <FaultRules/>
        <Name>1-Q-ThrottlingApi1min</Name>
    </Step>
</SharedFlow>