<?xml version="1.0" encoding="UTF-8" standalone="yes"?>
<SharedFlowBundle revision="5" name="SF-ValidateOAuthToken">
    <ConfigurationVersion majorVersion="4" minorVersion="0"/>
    <CreatedAt>1658837806939</CreatedAt>
    <CreatedBy>shrenikkumar_s@infosys.com</CreatedBy>
    <Description>Validates OAuth access token received in Authorization header</Description>
    <DisplayName>SF-ValidateOAuthToken</DisplayName>
    <LastModifiedAt>1658849153837</LastModifiedAt>
    <LastModifiedBy>shrenikkumar_s@infosys.com</LastModifiedBy>
    <ManifestVersion>SHA-512:00db3ef2dd8911491c66fc0e86db7eb33b5a31eebddaf06a4ee1740574eea91d5d5a963c41f44cdefe4932a9e23ca2bf9fcacc16759a00787cc0da37d1d62257:ap-northeast-1</ManifestVersion>
    <Policies>
        <Policy>2-OA2-VerifyAccessToken</Policy>
        <Policy>3-KVMO-GetScopeConfig</Policy>
        <Policy>4-JS-ScopeValidation</Policy>
    </Policies>
    <Resources>
        <Resource>jsc://ScopeValidation.js</Resource>
    </Resources>
    <Spec></Spec>
    <subType>SharedFlow</subType>
    <SharedFlows>
        <SharedFlow>default</SharedFlow>
    </SharedFlows>
</SharedFlowBundle>
