<?xml version="1.0" encoding="UTF-8" standalone="yes"?>
<Manifest name="manifest">
    <Policies>
        <VersionInfo resourceName="1-SA-ArrestTraffic" version="SHA-512:aa81e0a23c2b6256f549b98675c79c9c1751dc13b6effb040e81fa5cf5ee5ac4b5fa767708ea4a355f5a15646b9babc65549fa5dc62f1f6d981844f7f9cf7449"/>
        <VersionInfo resourceName="3-EV-ParseSAConfig" version="SHA-512:56d0d7df55324e10e8d307eaf243f795405a0aecb028579f7463b0251d0d0aeb0f64cd89590f8608f40e6f526b9abd2c1fe92b9d8eb05cf3736c0e4760fc4a57"/>
        <VersionInfo resourceName="3-KVMO-GetSAConfig" version="SHA-512:5394f9da97dd116e0b3d44748e420602d74a92137e78838d820bfd0f0c9cca9009b9dc5c009b9a9ef8652817ccd83e680bfd4e9b90dda6fbd2d378cc813bce8c"/>
        <VersionInfo resourceName="3-KVMO-GetSAConfigDefault" version="SHA-512:efbd5aabd1e568a93a1fbed223b4869b72899a60536e88d0bf8e058c18dd837ca3d6c288cabd6c483862012214aa80d009960c76cf0a905cbc273ffc844a3ca8"/>
    </Policies>
    <ProxyEndpoints/>
    <Resources/>
    <SharedFlows>
        <VersionInfo resourceName="default" version="SHA-512:26b99547cbf03180ffc1fe958e30fcba9a6e50b28d732e26665bdc008dd3201f8a4c0b9d54bb90821b1a23b554671ee4bcead461b181a102dc44b0fe9e94fdd2"/>
    </SharedFlows>
    <TargetEndpoints/>
</Manifest>
