<?xml version="1.0" encoding="UTF-8" standalone="yes"?>
<OAuthV2 async="false" continueOnError="false" enabled="true" name="OA-GenerateAccessToken">
    <DisplayName>OA-GenerateAccessToken</DisplayName>
    <Properties/>
    <Attributes/>
    <ExternalAuthorization>false</ExternalAuthorization>
    <Operation>GenerateAccessToken</Operation>
    <ExternalAccessToken>apigee.access_token</ExternalAccessToken>
    <!-- This is in millseconds, so expire in an hour -->
    <ExpiresIn>36000000</ExpiresIn>
    <SupportedGrantTypes>
        <GrantType>password</GrantType>
    </SupportedGrantTypes>
    <GrantType>request.formparam.grant_type</GrantType>
    <UserName>request.formparam.username</UserName>
    <PassWord>request.formparam.password</PassWord>
    <GenerateResponse enabled="true"/>
    <GenerateErrorResponse enabled="true"/>
</OAuthV2>