<?xml version="1.0" encoding="UTF-8" standalone="yes"?>
<AssignMessage async="false" continueOnError="false" enabled="true" name="Api_AssignMessage_BackendTimeout">
    <DisplayName>Api_AssignMessage_BackendTimeout</DisplayName>
    <Properties/>
    <AssignVariable>
        <Name>ws.fault.message</Name>
        <Ref>ws.fault.message</Ref>
        <Value>Failed to establish a backside connection</Value>
    </AssignVariable>
    <AssignVariable>
        <Name>ws.fault.details</Name>
        <Ref>error.message</Ref>
    </AssignVariable>
    <AssignVariable>
        <Name>ws.fault.code</Name>
        <Ref>503</Ref>
    </AssignVariable>
    <IgnoreUnresolvedVariables>true</IgnoreUnresolvedVariables>
</AssignMessage>