<?xml version="1.0" encoding="UTF-8" standalone="yes"?>
<AssignMessage async="false" continueOnError="false" enabled="true" name="Api_AssignMessage_SetDefaultErrorValues">
    <DisplayName>Api_AssignMessage_SetDefaultErrorValues</DisplayName>
    <Properties/>
    <AssignVariable>
        <Name>ws.fault.message</Name>
        <Ref>error.message</Ref>
    </AssignVariable>
    <AssignVariable>
        <Name>ws.fault.details</Name>
        <Ref>error.content</Ref>
    </AssignVariable>
    <AssignVariable>
        <Name>ws.statuscode</Name>
        <Value>400</Value>
    </AssignVariable>
    <IgnoreUnresolvedVariables>true</IgnoreUnresolvedVariables>
</AssignMessage>