<?xml version="1.0" encoding="UTF-8" standalone="yes"?>
<AssignMessage async="false" continueOnError="false" enabled="true" name="API_AssignMessage_NotFound">
    <DisplayName>API_AssignMessage_NotFound</DisplayName>
    <Properties/>
    <AssignVariable>
        <Name>ws.fault.message</Name>
        <Ref>ws.fault.message</Ref>
        <Value>Not Found</Value>
    </AssignVariable>
    <AssignVariable>
        <Name>ws.fault.details</Name>
        <Ref>error.message</Ref>
    </AssignVariable>
    <AssignVariable>
        <Name>ws.statuscode</Name>
        <Value>404</Value>
    </AssignVariable>
    <IgnoreUnresolvedVariables>true</IgnoreUnresolvedVariables>
    <AssignTo createNew="false" transport="http" type="request"/>
</AssignMessage>