<?xml version="1.0" encoding="UTF-8" standalone="yes"?>
<AssignMessage async="false" continueOnError="false" enabled="true" name="Api_AssignMessage_DefaultErrorPayload">
    <DisplayName>Api_AssignMessage_DefaultErrorPayload</DisplayName>
    <Properties/>
    <Set>
        <Headers>
            <Header name="Content-Type">text/plain</Header>
        </Headers>
        <Payload>
        Internal Error Occured:{ws.fault.message}
        </Payload>
        <StatusCode>{ws.statuscode}</StatusCode>
        <ReasonPhrase>{ws.reasonphrase}</ReasonPhrase>
    </Set>
    <IgnoreUnresolvedVariables>true</IgnoreUnresolvedVariables>
</AssignMessage>