<?xml version="1.0" encoding="UTF-8" standalone="yes"?>
<AssignMessage async="false" continueOnError="false" enabled="true" name="Api_AssignMessage_BackendError302">
    <DisplayName>Api_AssignMessage_BackendError302</DisplayName>
    <Properties/>
    <!--<Set>-->
    <!--    <Headers>-->
    <!--        <Header name="x-dp-response-code">500 Fail</Header>-->
    <!--    </Headers>-->
    <!--</Set>-->
    <!--<AssignVariable>-->
    <!--    <Name>ws.fault.message</Name>-->
    <!--    <Ref>error.message</Ref>-->
    <!--</AssignVariable>-->
    <!--<AssignVariable>-->
    <!--    <Name>ws.fault.details</Name>-->
    <!--    <Ref>error.content</Ref>-->
    <!--</AssignVariable>-->
    <AssignVariable>
        <Name>ws.reasonphrase</Name>
        <Ref>ws.reasonphrase</Ref>
        <Value>Fail</Value>
    </AssignVariable>
    <IgnoreUnresolvedVariables>true</IgnoreUnresolvedVariables>
</AssignMessage>