<?xml version="1.0" encoding="UTF-8" standalone="yes"?>
<AssignMessage async="false" continueOnError="false" enabled="true" name="Api_AssignMessage_CustomErrorPayload">
    <DisplayName>Api_AssignMessage_CustomErrorPayload</DisplayName>
    <Properties/>
    <Set>
        <!--<Headers>-->
        <!--    <Header name="Content-Type">{ws.responsecontenttype}</Header>-->
        <!--</Headers>-->
        <Payload>{ws.fault.payload}</Payload>
        <StatusCode>{ws.statuscode}</StatusCode>
        <ReasonPhrase>{ws.reasonphrase}</ReasonPhrase>
    </Set>
    <IgnoreUnresolvedVariables>true</IgnoreUnresolvedVariables>
</AssignMessage>