<?xml version="1.0" encoding="UTF-8" standalone="yes"?>
<AssignMessage async="false" continueOnError="false" enabled="true" name="Api_AssignMessage_JSONErrorPayload">
    <DisplayName>Api_AssignMessage_JSONErrorPayload</DisplayName>
    <Properties/>
    <Set>
        <Headers>
            <Header name="Content-Type">{ws.responsecontenttype}</Header>
        </Headers>
        <Payload variablePrefix="@" variableSuffix="#">
           {
			"faultcode": "Server",
			"faultstring": "@ws.fault.message#"
			} 
        </Payload>
        <StatusCode>{ws.statuscode}</StatusCode>
        <ReasonPhrase>{ws.reasonphrase}</ReasonPhrase>
    </Set>
    <AssignVariable>
        <Name>ws.fault.code</Name>
        <Value>Server</Value>
    </AssignVariable>
    <IgnoreUnresolvedVariables>true</IgnoreUnresolvedVariables>
</AssignMessage>