<?xml version="1.0" encoding="UTF-8" standalone="yes"?>
<AssignMessage async="false" continueOnError="false" enabled="true" name="Api_Assign_Message_Add_CORS">
    <DisplayName>Api_Assign_Message_Add_CORS</DisplayName>
    <FaultRules/>
    <Properties/>
    <Set>
        <Headers>
            <Header name="Access-Control-Allow-Origin">*</Header>
            <!--<Header name="Access-Control-Allow-Origin">http://infosys.com:4200/login</Header>-->
            <!--<Header name="Access-Control-Allow-Headers">origin, x-requested-with,Content-type, accept</Header>-->
            <Header name="Access-Control-Allow-Headers">*</Header>
            <Header name="Access-Control-Max-Age">3628800</Header>
            <Header name="Access-Control-Allow-Methods">POST</Header>
        </Headers>
    </Set>
    <IgnoreUnresolvedVariables>true</IgnoreUnresolvedVariables>
    <AssignTo createNew="false" transport="http" type="response"/>
</AssignMessage>