<?xml version="1.0" encoding="UTF-8" standalone="yes"?>
<Manifest name="manifest">
    <Policies>
        <VersionInfo resourceName="4-JS-LoggingContent" version="SHA-512:7f21fa945d7f219f38dfa9601dfa15b37eebf783ce0c29f02646a1f42ac96bd89a7dca356c0606188c4c7403b2de7caf5cbea9644b2143a4022f45469f6964cb"/>
        <VersionInfo resourceName="4-ML-WriteLog" version="SHA-512:96487c675c3870119f0f85d257528283b5b347278a2d581f9b69f880e36f2504701882d89641f20d3c696bb199c01dcce1ec697aee80d789463398639dc6e44e"/>
    </Policies>
    <ProxyEndpoints/>
    <Resources>
        <VersionInfo resourceName="jsc://LoggingContent/LoggingContent.js" version="SHA-512:38f1928e747ac0e26c6bf977eae240967388956074f8c241a02649e0bee3cff0dae582b4675f10548c3fe0889d12677b490ebc39ec0c465ee490ab55ebf7a82f"/>
        <VersionInfo resourceName="jsc://LoggingContent/invokePolicy.js" version="SHA-512:c193c3ea8c72d81288ea34ca97e624c900f5627e6acae12e0482bedc8967daae313b26c24473e5ec8e751e1b9edc12de6929f6b657a51584a63a8964ed208d8f"/>
        <VersionInfo resourceName="spec://LoggingULFFContentSpec.js" version="SHA-512:f41e75182380d9650a181d3356cffbefe632b883b2a2a593ceb2db16765d8b3a29541721d2a6f5977d2e6424b82853df762a430e9fcb7bdc572770f396ed6b18"/>
    </Resources>
    <SharedFlows>
        <VersionInfo resourceName="default" version="SHA-512:8dd8a08dffb203e6d22f585c99d1fa32d72cdab61d81bf941d15150a82de41392b77a005200f6ac04dbf7e7875ec44da8ea73efc9f0b4fa68418d2f836fb11b6"/>
    </SharedFlows>
    <TargetEndpoints/>
</Manifest>
