<?xml version="1.0" encoding="UTF-8" standalone="yes"?>
<SharedFlowBundle revision="1" name="0-SF-FilterRequestHeaders">
    <ConfigurationVersion majorVersion="4" minorVersion="0"/>
    <CreatedAt>1577946948789</CreatedAt>
    <CreatedBy>jayashree_r05@infosys.com</CreatedBy>
    <Description>
        Shared Flow for setting outoging headers
        Input: All Headers;
        Output: Only registered Headers;
    </Description>
    <DisplayName>0-SF-SetBEHeaders</DisplayName>
    <LastModifiedAt>1578383632662</LastModifiedAt>
    <LastModifiedBy>jayashree_r05@infosys.com</LastModifiedBy>
    <ManifestVersion>SHA-512:f0542ff20a350d4f1cc3d8ae6edab7b2b9bbabd9c72f9a5145123a5f4cb15d8a4b5f3b599128748d0ddd4b9f2fc82b1563e14861e2d594357decd876d07ac1f4:ap-northeast-1</ManifestVersion>
    <Policies>
        <Policy>3-EV-AssignStandardHeaders</Policy>
        <Policy>3-EV-ExtractHeadersList</Policy>
        <Policy>3-KVMO-GetDefaultHeadersList</Policy>
        <Policy>3-KVMO-GetHeadersList</Policy>
        <Policy>4-JS-HeadersPropagationNB</Policy>
        <Policy>4-JS-InHeadersFilter</Policy>
    </Policies>
    <Resources>
        <Resource>jsc://AccessHeadersNB/AccessHeadersPropagationNB.js</Resource>
        <Resource>jsc://AccessHeadersNB/invokePolicy.js</Resource>
        <Resource>jsc://InHeadersFilter/AccessInHeadersFilter.js</Resource>
        <Resource>jsc://InHeadersFilter/invokePolicy.js</Resource>
        <Resource>spec://AccessHeadersNBSpec.js</Resource>
        <Resource>spec://AccessInHeadersFilterSpec.js</Resource>
    </Resources>
    <Spec></Spec>
    <subType>SharedFlow</subType>
    <SharedFlows>
        <SharedFlow>default</SharedFlow>
    </SharedFlows>
</SharedFlowBundle>
