<?xml version="1.0" encoding="UTF-8" standalone="yes"?>
<SharedFlowBundle revision="1" name="COMMON_MessageLogging">
    <ConfigurationVersion majorVersion="4" minorVersion="0"/>
    <CreatedAt>1612450208341</CreatedAt>
    <CreatedBy>rohit.karadi@infosys.com</CreatedBy>
    <Description>COMMON_MessageLogging</Description>
    <DisplayName>MessageLogging</DisplayName>
    <LastModifiedAt>1612450208341</LastModifiedAt>
    <LastModifiedBy>rohit.karadi@infosys.com</LastModifiedBy>
    <ManifestVersion>SHA-512:5b1c30eec39e61abd8db3c2b1acca5b17a37b75c683392b2d457b4f4e7509420498b2b35856cf0ce1edea9c906a881b874ed92e944981446993a99657eb10d2c</ManifestVersion>
    <Policies>
        <Policy>Message-Logging</Policy>
    </Policies>
    <Resources/>
    <Spec></Spec>
    <subType>SharedFlow</subType>
    <SharedFlows>
        <SharedFlow>default</SharedFlow>
    </SharedFlows>
</SharedFlowBundle>
