<?xml version="1.0" encoding="UTF-8" standalone="yes"?>
<Manifest name="manifest">
    <Policies>
        <VersionInfo resourceName="2-VAK-ValidateAPIKey" version="SHA-512:61b5f332c1af1ad0d38c3c07feec19ea3d3bd0715634f639fbaf431449e1a87daf47796d7cbf0be5429a69a9428b885b881eb4eefdd6a690d073cae96b7b928c"/>
        <VersionInfo resourceName="4-JS-ValidateClientSecret" version="SHA-512:6dfe37f4d00555a4d7833373bb5cc1ed3a529bcc74e5e2e02b95f640b0fab6396025347a28d288950b0d892230b570b0d205988a912619e5873c3c8a7a34fdd8"/>
    </Policies>
    <ProxyEndpoints/>
    <Resources/>
    <SharedFlows>
        <VersionInfo resourceName="default" version="SHA-512:29153921ec2a684f1e61274495d06b16814cb31d97927518e51a13b8259b92a3d5f7780c1b7edb305f24e1b92378af9cb810b7eace1178aad10e9014ad62fe40"/>
    </SharedFlows>
    <TargetEndpoints/>
</Manifest>
