<?xml version="1.0" encoding="UTF-8" standalone="yes"?>
<AssignMessage name="3-AM-AssignPreflightResponseWithHeaders" async="false" continueOnError="false" enabled="true">
    <DisplayName>3-AM-AssignPreflightResponseWithHeaders</DisplayName>
    <IgnoreUnresolvedVariables>false</IgnoreUnresolvedVariables>
    <Set>
        <Headers>
            <Header name="Access-Control-Allow-Origin">{origin}</Header>
            <Header name="Access-Control-Allow-Methods">{accessControlAllowMethod}</Header>
            <Header name="Access-Control-Allow-Headers">{accessControlAllowHeaders}</Header>
            <Header name="Access-Control-Max-Age">{accessControlMaxAge}</Header>
            <Header name="Access-Control-Allow-Credentials">{accessControlAllowCredentials}</Header>
        </Headers>
        <Payload contentType="application/vnd.vodafone.a42+json"/>
        <StatusCode>200</StatusCode>
        <ReasonPhrase>OK</ReasonPhrase>
    </Set>
</AssignMessage>