<?xml version="1.0" encoding="UTF-8" standalone="yes"?>
<ExtractVariables name="3-EV-ExtractCORSList" enabled="true" continueOnError="false" async="false">
    <DisplayName>3-EV-ExtractCORSList</DisplayName>
    <IgnoreUnresolvedVariables>true</IgnoreUnresolvedVariables>
    <JSONPayload>
        <Variable name="cors_allowed_origins">
            <JSONPath>$.CORS_ALLOWED_ORIGINS</JSONPath>
        </Variable>
        <Variable name="cors_allow_credentials">
            <JSONPath>$.CORS_ALLOW_CREDENTIALS</JSONPath>
        </Variable>
        <Variable name="cors_allowed_headers">
            <JSONPath>$.CORS_ALLOWED_HEADERS</JSONPath>
        </Variable>
        <Variable name="cors_expose_headers">
            <JSONPath>$.CORS_EXPOSE_HEADERS</JSONPath>
        </Variable>
        <Variable name="cors_allowed_methods">
            <JSONPath>$.CORS_ALLOWED_METHODS</JSONPath>
        </Variable>
        <Variable name="cors_max_age">
            <JSONPath>$.CORS_MAX_AGE</JSONPath>
        </Variable>
    </JSONPayload>
    <Source clearPayload="false">CORSValues</Source>
</ExtractVariables>