<?xml version="1.0" encoding="UTF-8" standalone="yes"?>
<SharedFlow name="default">
    <Step>
        <Name>Api_FlowCallout_CaptureFrontendDetails</Name>
    </Step>
    <Step>
        <Name>Api_AssignMessage_ManageContentType</Name>
    </Step>
    <!--<Step>
        <Name>Api_AssignMessage_ReadFromVHost</Name>
        <Condition>(request.header.ClientCertDN is null || request.header.ClientCertDN="") and (tls.protocol isnot null)</Condition>
    </Step>
    <Step>
        <Name>Api_AssignMessage_ReadFromHeader</Name>
        <Condition>((ws.ssl.cn is null) and (request.header.ClientCertDN isnot null and request.header.ClientCertDN!=""))</Condition>
    </Step>
    <Step>
        <Name>Api_AssignMessage_ReadFromXApigeeHeader</Name>
        <Condition>((ws.ssl.cn is null) and (request.header.X-Apigee.tls.protocol isnot null and request.header.X-Apigee.tls.protocol!=""))</Condition>
    </Step>-->
</SharedFlow>