<?xml version="1.0" encoding="UTF-8" standalone="yes"?>
<Manifest name="manifest">
    <Policies>
        <VersionInfo resourceName="3-CORS-Enable" version="SHA-512:7d2af381457395acbdff350d5e3ecbf24ef1deb6ebc1826cd2bb5cb1eb07016cebf693de4836ac16f100dabbbd744d0fcb26a5d631107361551bd93bc97849f7"/>
        <VersionInfo resourceName="3-EV-ParseCORSConfig" version="SHA-512:058bd37b51b94821eb52b6282f7f3f463d6ec2a6778938fc3aabcd3ca26a0655885aed25cbe12011aa4c4368d4803441c16f74fd74ae3c7ced4f38606340fdc5"/>
        <VersionInfo resourceName="3-KVMO-GetCORSConfig" version="SHA-512:be8e74c4dd43638e1a9f92fe67e977d7ce83bd6fe820458d25814eaa5500e8bbe4f1bb58d9de3a53a93bf824094d2bf758f15a20aa764cca152cbfc8d3261b79"/>
        <VersionInfo resourceName="3-KVMO-GetCORSConfigDefault" version="SHA-512:848763b90099206faf044094d26ad2067cafbe6096add6312f4af349b629e39df8c99312fecc550f44e0a682c82ddf3a962c752e8eea271d35eac19b47da3db0"/>
    </Policies>
    <ProxyEndpoints/>
    <Resources/>
    <SharedFlows>
        <VersionInfo resourceName="default" version="SHA-512:23b88d178d6e6d526b7993ff044dc027a4870bc577767b5bbf6e518ecae70329bf80885de9513d781296f6fdda9101786e26733044e968cbb1aaf1c577179609"/>
    </SharedFlows>
    <TargetEndpoints/>
</Manifest>
