<?xml version="1.0" encoding="UTF-8" standalone="yes"?>
<SharedFlowBundle revision="1" name="0-SF-BasicOauth">
    <ConfigurationVersion majorVersion="4" minorVersion="0"/>
    <CreatedAt>1581497959674</CreatedAt>
    <CreatedBy>merin_jose01@infosys.com</CreatedBy>
    <Description>undefined</Description>
    <DisplayName>0-SF-BasicOauth</DisplayName>
    <LastModifiedAt>1581503230067</LastModifiedAt>
    <LastModifiedBy>merin_jose01@infosys.com</LastModifiedBy>
    <ManifestVersion>SHA-512:2beebb14ca5d0d12ac6b181e97905118cd629fa59c6309f72ca441725cfa6d22030e59a50a2e83858ac63688443e710763f41aeeef0d56006580103397861b5b:ap-northeast-1</ManifestVersion>
    <Policies>
        <Policy>Basic-Authentication-1</Policy>
        <Policy>JavaScript-1</Policy>
        <Policy>Raise-Fault-1</Policy>
        <Policy>Verify-API-Key-1</Policy>
    </Policies>
    <Resources>
        <Resource>jsc://JavaScript-1.js</Resource>
    </Resources>
    <Spec></Spec>
    <subType>SharedFlow</subType>
    <SharedFlows>
        <SharedFlow>default</SharedFlow>
    </SharedFlows>
</SharedFlowBundle>
