<?xml version="1.0" encoding="UTF-8" standalone="yes"?>
<SharedFlowBundle revision="1" name="API_SharedFlow_ErrorHandler_Rest_V1">
    <ConfigurationVersion majorVersion="4" minorVersion="0"/>
    <CreatedAt>1600253917514</CreatedAt>
    <CreatedBy>rohit.karadi@infosys.com</CreatedBy>
    <Description>To handle all frontend and backend errors.</Description>
    <DisplayName>API_SharedFlow_ErrorHandler_Rest_V1</DisplayName>
    <LastModifiedAt>1606472228821</LastModifiedAt>
    <LastModifiedBy>rohit.karadi@infosys.com</LastModifiedBy>
    <ManifestVersion>SHA-512:eccb522b9ddc10a38fbbb34125517a47e8cfe58fdcfdb4b113b8930b320b1a5d5b73415dd7c1a96f3e37919e32d68837c4589c9986c689f6ac11a44b37cfabf3:ap-southeast-2</ManifestVersion>
    <Policies>
        <Policy>API_AssignMessage_Forbidden</Policy>
        <Policy>API_AssignMessage_NotFound</Policy>
        <Policy>API_AssignMessage_UnAuthorized</Policy>
        <Policy>Api_AssignMessage_BackendError302</Policy>
        <Policy>Api_AssignMessage_BackendTimeout</Policy>
        <Policy>Api_AssignMessage_CustomErrorPayload</Policy>
        <Policy>Api_AssignMessage_DefaultErrorPayload</Policy>
        <Policy>Api_AssignMessage_JSONErrorPayload</Policy>
        <Policy>Api_AssignMessage_SetDefaultErrorValues</Policy>
        <Policy>Api_AssignMessage_XMLErrorPayload</Policy>
        <Policy>Api_Assign_Message_Add_CORS</Policy>
    </Policies>
    <Resources/>
    <Spec></Spec>
    <subType>SharedFlow</subType>
    <SharedFlows>
        <SharedFlow>default</SharedFlow>
    </SharedFlows>
</SharedFlowBundle>
