<?xml version="1.0" encoding="UTF-8" standalone="yes"?>
<KeyValueMapOperations async="false" continueOnError="false" enabled="true" name="3-KVMO-GetFilterConfig" mapIdentifier="SF-FilterRequestHeaders">
    <DisplayName>3-KVMO-GetFilterConfig</DisplayName>
    <Properties/>
    <ExclusiveCache>false</ExclusiveCache>
    <ExpiryTimeInSecs>300</ExpiryTimeInSecs>
    <InitialEntries>
        <Entry>
            <Key>
                <Parameter>MSA-EmployeeManagement</Parameter>
            </Key>
            <Value>{ "valid_req_headers": "Accept,Accept-encoding,Authorization,AuthToken,Content-Type,mwh-mule-token,mwh-correlationid,mwh-channelidh,mwh-appid,mwh-requestid,mwh-clientsecret,mwh-requesttimestamp" }</Value>
        </Entry>
        <Entry>
            <Key>
                <Parameter>Default</Parameter>
            </Key>
            <Value>{ "valid_req_headers": "Accept,Accept-encoding,Authorization,AuthToken,Content-Type,mwh-mule-token,mwh-correlationid,mwh-channelidh,mwh-appid,mwh-requestid,mwh-clientsecret,mwh-requesttimestamp" }</Value>
        </Entry>
    </InitialEntries>
    <Get assignTo="private.filterReqHeadersConfig">
        <Key>
            <Parameter ref="apiproxy.name"/>
        </Key>
    </Get>
    <Scope>environment</Scope>
</KeyValueMapOperations>