<?xml version="1.0" encoding="UTF-8" standalone="yes"?>
<SharedFlowBundle revision="4" name="0-SF-CORSTest">
    <ConfigurationVersion majorVersion="4" minorVersion="0"/>
    <CreatedAt>1606822930178</CreatedAt>
    <CreatedBy>ramanpreet.khattra@infosys.com</CreatedBy>
    <Description>undefined</Description>
    <DisplayName>0-SF-CORSTest</DisplayName>
    <LastModifiedAt>1606834785672</LastModifiedAt>
    <LastModifiedBy>ramanpreet.khattra@infosys.com</LastModifiedBy>
    <ManifestVersion>SHA-512:42096829ca335edaf9b9b48656fa1526212ab2fd275c0ee9b5c2d8223d7b40902aa437bfffa11e86eeb4b25d0bb1a12d57c7228be93a5cb6d408d3f78e7063ff:ap-northeast-1</ManifestVersion>
    <Policies>
        <Policy>3-AM-CORSAssignSimpleResponse</Policy>
        <Policy>3-EV-ExtractCORSList</Policy>
        <Policy>3-KVMO-GetCORSList</Policy>
        <Policy>3-KVMO-GetDefaultCORSList</Policy>
        <Policy>ProcessNetworkCorsSimpleRequest</Policy>
    </Policies>
    <Resources>
        <Resource>jsc://ProcessNetworkCorsSimpleRequest/InvokePolicy.js</Resource>
        <Resource>jsc://ProcessNetworkCorsSimpleRequest/ProcessNetworkCorsSimpleRequest.js</Resource>
    </Resources>
    <Spec></Spec>
    <subType>SharedFlow</subType>
    <SharedFlows>
        <SharedFlow>default</SharedFlow>
    </SharedFlows>
</SharedFlowBundle>
