<?xml version="1.0" encoding="UTF-8" standalone="yes"?>
<SharedFlowBundle revision="2" name="0-SF-ValidateQueryParams">
    <ConfigurationVersion majorVersion="4" minorVersion="0"/>
    <CreatedAt>1620981134061</CreatedAt>
    <CreatedBy>lipi.gandhi@infosys.com</CreatedBy>
    <Description>undefined</Description>
    <DisplayName>SF-ValidateQueryParams_updated</DisplayName>
    <LastModifiedAt>1620981134061</LastModifiedAt>
    <LastModifiedBy>lipi.gandhi@infosys.com</LastModifiedBy>
    <ManifestVersion>SHA-512:2a832efd2223625cbeecb8892358aef77792a1345fdc6f1914a34d20ee4c8306333d15c73945e89b811bc76a5205a56c1072f36a4bbcf81cbd42aaf69c416b12:ap-southeast-2</ManifestVersion>
    <Policies>
        <Policy>3-KVMO-ExtractParams</Policy>
        <Policy>4-JS-CheckQueryParams</Policy>
    </Policies>
    <Resources>
        <Resource>jsc://.eslintrc.js</Resource>
        <Resource>jsc://CheckQueryParams/CheckQueryParams.js</Resource>
        <Resource>jsc://CheckQueryParams/InvokePolicy.js</Resource>
        <Resource>spec://CheckQueryParamsSpec.js</Resource>
    </Resources>
    <Spec></Spec>
    <subType>SharedFlow</subType>
    <SharedFlows>
        <SharedFlow>default</SharedFlow>
    </SharedFlows>
</SharedFlowBundle>
