<?xml version="1.0" encoding="UTF-8" standalone="yes"?>
<Manifest name="manifest">
    <Policies>
        <VersionInfo resourceName="1-AM-GenerateTransactionId" version="SHA-512:9258cc9422e8d4bec30620b3c584130dfcf80cdb38bf48e6168db2232edafd3c5a0e61326bc9b1cc428e888782f304a9fadd1f4d4e4f5b8af28f01ed42d14b60"/>
        <VersionInfo resourceName="2-EV-ExtractRequestHeaders" version="SHA-512:75424112d23c156db9233c9936edf4312cdb48fe83ec8ab96ff8930ab00eb319e056665dca4fc7628c58bbfb71d09225529455a561409d51edb75116d68ef7b2"/>
        <VersionInfo resourceName="4-JS-RequestValidation" version="SHA-512:ea50277aa041fcbd07e4402097acde8303a369c23545debfaef1fc0c3d6fe0835c8ea836a50d388e6df2065d58b12513d3f0925e52553c7352f715ed1a6343b6"/>
    </Policies>
    <ProxyEndpoints/>
    <Resources>
        <VersionInfo resourceName="jsc://RequestValidation.js" version="SHA-512:807c3422415f76cc82dee797f076d2a815e4e6024a75cfa0a1990cea69c04faf49f163be4917de4e250db47aa2886d8ab066058d2cba3f3609ec6ab515d864c7"/>
    </Resources>
    <SharedFlows>
        <VersionInfo resourceName="default" version="SHA-512:71196e78589129ba581e34064c6df118728c433aaa14066ce3a9efe17c283d2c7811db12386c1cc1b2a23c859856f386897850216287b5d0a3490a6c019ac06c"/>
    </SharedFlows>
    <TargetEndpoints/>
</Manifest>
