<?xml version="1.0" encoding="UTF-8" standalone="yes"?>
<AssignMessage async="false" continueOnError="false" enabled="true" name="Assign-Message-1">
    <DisplayName>Assign Message-1</DisplayName>
    <Properties/>
    <Set>
        <Headers>
            <Header name="Content-Type">application/x-www-form-urlencoded</Header>
        </Headers>
        <FormParams>
            <FormParam name="grant_type">{request.formparam.grant_type}</FormParam>
            <FormParam name="username">{request.formparam.username}</FormParam>
            <FormParam name="password">{request.formparam.password}</FormParam>
            <FormParam name="client_id">ocaadmin</FormParam>
        </FormParams>
        <Verb>POST</Verb>
        <Path/>
    </Set>
    <IgnoreUnresolvedVariables>true</IgnoreUnresolvedVariables>
    <AssignTo createNew="true" transport="https" type="request">authenticate.request</AssignTo>
</AssignMessage>