<?xml version="1.0" encoding="UTF-8" standalone="yes"?>
<Manifest name="manifest">
    <Policies>
        <VersionInfo resourceName="3-KVMO-GetFilterConfig" version="SHA-512:d83ab4a30635d86ed949276e50e12226b708fee0f1370e16c460c4885a1658bb623ead236584e875106279579666dea89a40b91b7cbaabdf9602ff1451fd5f43"/>
        <VersionInfo resourceName="3-KVMO-GetFilterConfigDefault" version="SHA-512:431c406f844335ba7c662e3d9cd0cda9741085936d2e3679a2d7241eef097f2c3d97a2637241cb77b14241db6229046243c7ddc1e3dd56eff6840c95daa07a20"/>
        <VersionInfo resourceName="4-JS-FilterRequestHeaders" version="SHA-512:2fb75897974a78d60b5dc65c941d74e9ac51ea9ad4b6c70374000e260ea522c56464a8f2ab746619e4f22e3604d4dffa17d4a4565fe216714f7ea7c3657808fd"/>
    </Policies>
    <ProxyEndpoints/>
    <Resources>
        <VersionInfo resourceName="jsc://FilterRequestHeaders/FilterRequestHeaders.js" version="SHA-512:d18b5b1944a6c4658a3de1ce825a4138128feedab0c0553a5f7f7359c8ec1232639c1a9da454ba4ac1fa9b5a5d367ce243812aeba2550ec47a3a1a1727385fe8"/>
        <VersionInfo resourceName="jsc://FilterRequestHeaders/InvokePolicy.js" version="SHA-512:75e61a486cebe0b306c2cd9423cd0a62074e627e6af1df3e34059fbc50d1b94307b11d2f74400cdb19185ceacbea0e00ffdd0431c98963a0c8743f79fd38edf1"/>
    </Resources>
    <SharedFlows>
        <VersionInfo resourceName="default" version="SHA-512:caf6b8fab567039eb256c9972e59af43f024ce52d5c381c67c1142dfb0fd804e0818fed402ae091e6bbffed6f0c80f65134fcdc09e90cec9ef670a3af7ff0f55"/>
    </SharedFlows>
    <TargetEndpoints/>
</Manifest>
