<?xml version="1.0" encoding="UTF-8" standalone="yes"?>
<Manifest name="manifest">
    <Policies>
        <VersionInfo resourceName="AM-GenerateTokenResponse" version="SHA-512:b04cfdf038559852864c63aab1e9dd7f53d374f873ab9af8866bc6a34eacd27bcb894ed8f5cebde9caa0312d68cef8cf8f62c52572cdb96d784477095dce3469"/>
        <VersionInfo resourceName="EV-ExtractTokenResponse" version="SHA-512:3fd1178923c9a69ba74cbd42832a32ff46abf01f7c213fa5eaf8eb91c256a073a776553bd31bc80bf071cd8c8e439b4506a65144f2210b254acc79e2f2786c32"/>
        <VersionInfo resourceName="OA-GenerateAccessToken" version="SHA-512:aae36bd082cef229afa5763b3856625a4dd38fefbf533bacdb75935c652a61d97458f30b35ab7d2d1f6a3dd0ba3d4760a297ee1aa6deb207d7252942069bd806"/>
    </Policies>
    <ProxyEndpoints/>
    <Resources/>
    <SharedFlows>
        <VersionInfo resourceName="default" version="SHA-512:2dc9f70a6d2aa67e4dbcf13b7732e01561d4c7b5bed019f58fd367877f97dff7dc0f2c42cbb7d0b6db175aedf9c8a568bf2c8df48c9c63157d8fd91e70fa20ca"/>
    </SharedFlows>
    <TargetEndpoints/>
</Manifest>
