<?xml version="1.0" encoding="UTF-8" standalone="yes"?>
<AssignMessage async="false" continueOnError="false" enabled="true" name="3-AM-FetchAdminFlag">
    <DisplayName>3-AM-FetchAdminFlag</DisplayName>
    <Properties/>
    <AssignVariable>
        <Name>adminFlag</Name>
        <Ref>request.header.AdminFlag</Ref>
    </AssignVariable>
    <Remove>
        <Headers/>
    </Remove>
    <IgnoreUnresolvedVariables>true</IgnoreUnresolvedVariables>
    <AssignTo createNew="false" transport="http" type="request"/>
</AssignMessage>