<?xml version="1.0" encoding="UTF-8" standalone="yes"?>
<SharedFlowBundle revision="1" name="Shared-CreateRequest">
    <ConfigurationVersion majorVersion="4" minorVersion="0"/>
    <CreatedAt>1641707438432</CreatedAt>
    <CreatedBy>benit.jose@infosys.com</CreatedBy>
    <Description>CreateAuthenticateRequest</Description>
    <DisplayName>Shared-CreateRequest</DisplayName>
    <LastModifiedAt>1641709379795</LastModifiedAt>
    <LastModifiedBy>benit.jose@infosys.com</LastModifiedBy>
    <ManifestVersion>SHA-512:8c9979726dea08faca523ac3ba1f3c4522a090401b90f60bfcec4bd2a25323d733d33773c8e3853501ee66915bcdacd820821b03da122a6c31ba98c26d08788d:ap-northeast-1</ManifestVersion>
    <Policies>
        <Policy>Assign-Message-1</Policy>
    </Policies>
    <Resources/>
    <Spec></Spec>
    <subType>SharedFlow</subType>
    <SharedFlows>
        <SharedFlow>default</SharedFlow>
    </SharedFlows>
</SharedFlowBundle>
