<?xml version="1.0" encoding="UTF-8" standalone="yes"?>
<Manifest name="manifest">
    <Policies>
        <VersionInfo resourceName="3-AM-AssignPreflightResponseNoHeaders" version="SHA-512:02a3a66cfeabc45e886134f0e9adfd48c10d2a2f753cc58bd3f5c8cb2f3882b328eef357cfcf6acbeb97fa27600ac72e49eee65926579ccb669fb4b7e333d4dc"/>
        <VersionInfo resourceName="3-AM-AssignPreflightResponseWithHeaders" version="SHA-512:5e9abcaa872431b2bac65f684fe4739a67cfab2136b8c7dde0d82d7d70b3ffa46870a7f9d229af2d3eaefd18bb510233f33cb1282b975a8615978e0c7f55b45e"/>
        <VersionInfo resourceName="3-EV-ExtractCORSList" version="SHA-512:13607728074bedc502823ae0d447accbf62377c364656614ca7cd8218d50c08c11e0ecd19a6018a0dce7daa7c46b798716b9dc13191ec0061a02051a34ea2e61"/>
        <VersionInfo resourceName="3-KVMO-GetCORSList" version="SHA-512:90b244a7da2e36287ce8d95ffc2ef3676ef70608f1a15d20fa74e12fc49563bc00996cf9d9d6b96b733a4df61b2bbb2b1bb2170872d222aabf331711a15e8d6c"/>
        <VersionInfo resourceName="3-KVMO-GetDefaultCORSList" version="SHA-512:caa322f09e54dbdbec914201ac861e0d94c856d03530882d91ad6dd1248e57606fb88668ede7660cd63f223fda63f2ce59fa7440c73c6be9458fffe25d2a55d8"/>
        <VersionInfo resourceName="4-JS-ProcessNetworkCorsPreflightRequest" version="SHA-512:692e5f5e317aa2511d99ce1acada8a39c0b56a571c2b6076e154058c59abbf8d00f2ec93682c9790b09b936efa67826a78e431a4e81d867e37bf44f9cbb13d94"/>
    </Policies>
    <ProxyEndpoints/>
    <Resources>
        <VersionInfo resourceName="jsc://InvokePolicy.js" version="SHA-512:a6386d9c0d65f2ac3fe1f4b7923d429016404f6e6a11d172213af606a9e2f66a17d4cf3e464b5d5d24b07595f337a0e75f9917347f261fe4a82e6df56ec70458"/>
        <VersionInfo resourceName="jsc://ProcessNetworkCorsPreflightRequest.js" version="SHA-512:7af50840716cdbc4c58bc230555418169af85999cfb44f1e7836f00ea7c268cd831bc3457676ec39a2f674e18d9ed1090467b74697e81d451157742904fd14dc"/>
    </Resources>
    <SharedFlows>
        <VersionInfo resourceName="default" version="SHA-512:6a4cf8770d27ff05d416d1afdc9d537562b1510be856d87f2cc248c13a30e7ad17c29c53227dcf3e0b4a10410f21faf4e24d8d6a43ce19c8318a721422b6a9fd"/>
    </SharedFlows>
    <TargetEndpoints/>
</Manifest>
