<?xml version="1.0" encoding="UTF-8" standalone="yes"?>
<SharedFlowBundle revision="1" name="API_SharedFlow_CaptureFrontendDetails_V1">
    <ConfigurationVersion majorVersion="4" minorVersion="0"/>
    <CreatedAt>1600253959396</CreatedAt>
    <CreatedBy>rohit.karadi@infosys.com</CreatedBy>
    <Description></Description>
    <DisplayName>API_SharedFlow_ManageContentType_V1</DisplayName>
    <LastModifiedAt>1600253959396</LastModifiedAt>
    <LastModifiedBy>rohit.karadi@infosys.com</LastModifiedBy>
    <ManifestVersion>SHA-512:aa132473668d6db0262bc405771d7d4e262ede8d03b7331d59f0acd926db824e6fd3e2bff2c8953d0cf4aeab2daf62467a1dcec5dadbf29e689c59bc0ed30da7</ManifestVersion>
    <Policies>
        <Policy>Api_AssignMessage_ManageContentType</Policy>
        <Policy>Api_FlowCallout_CaptureFrontendDetails</Policy>
    </Policies>
    <Resources>
        <Resource>jsc://ContentTypeValidation.js</Resource>
    </Resources>
    <Spec></Spec>
    <subType>SharedFlow</subType>
    <SharedFlows>
        <SharedFlow>default</SharedFlow>
    </SharedFlows>
</SharedFlowBundle>
