<?xml version="1.0" encoding="UTF-8" standalone="yes"?>
<SharedFlowBundle revision="1" name="0-SF-LoggingContent">
    <ConfigurationVersion majorVersion="4" minorVersion="0"/>
    <CreatedAt>1577947066911</CreatedAt>
    <CreatedBy>jayashree_r05@infosys.com</CreatedBy>
    <Description>Logs crucial data for the api</Description>
    <DisplayName>0-SF-LoggingContent</DisplayName>
    <LastModifiedAt>1577947066911</LastModifiedAt>
    <LastModifiedBy>jayashree_r05@infosys.com</LastModifiedBy>
    <ManifestVersion>SHA-512:34ca796fe41ab7b52222c8e2a4b7caa216fb158d9d824fb14f2a79dda4c57993d562394151bf4cde9961994b2eb3a7b30088fd6024edc2db5bde15d3c3bcf3dc:ap-northeast-1</ManifestVersion>
    <Policies>
        <Policy>4-JS-LoggingContent</Policy>
        <Policy>4-ML-WriteLog</Policy>
    </Policies>
    <Resources>
        <Resource>jsc://LoggingContent/LoggingContent.js</Resource>
        <Resource>jsc://LoggingContent/invokePolicy.js</Resource>
    </Resources>
    <Spec></Spec>
    <subType>SharedFlow</subType>
    <SharedFlows>
        <SharedFlow>default</SharedFlow>
    </SharedFlows>
</SharedFlowBundle>
