<?xml version="1.0" encoding="UTF-8" standalone="yes"?>
<SharedFlowBundle revision="5" name="Shared-AccessToken">
    <ConfigurationVersion majorVersion="4" minorVersion="0"/>
    <CreatedAt>1641710146729</CreatedAt>
    <CreatedBy>benit.jose@infosys.com</CreatedBy>
    <Description>GenerateAccessToken</Description>
    <DisplayName>Shared-AccessToken</DisplayName>
    <LastModifiedAt>1642254408685</LastModifiedAt>
    <LastModifiedBy>benit.jose@infosys.com</LastModifiedBy>
    <ManifestVersion>SHA-512:a424ab1c64e2c290fb9376d77066c25bb915ac35f8fadd264f7872c6c9c4f7720d74d7ee4dc5b3dbc74c214e430e75cfc5901645b7177817bc26b27e0dacc3ba:ap-northeast-1</ManifestVersion>
    <Policies>
        <Policy>AM-GenerateTokenResponse</Policy>
        <Policy>EV-ExtractTokenResponse</Policy>
        <Policy>OA-GenerateAccessToken</Policy>
    </Policies>
    <Resources/>
    <Spec></Spec>
    <subType>SharedFlow</subType>
    <SharedFlows>
        <SharedFlow>default</SharedFlow>
    </SharedFlows>
</SharedFlowBundle>
