<?xml version="1.0" encoding="UTF-8" standalone="yes"?>
<ServiceCallout async="false" continueOnError="true" enabled="true" name="SC-AuthenticateUser">
    <DisplayName>SC-AuthenticateUser</DisplayName>
    <Properties/>
    <Request clearPayload="false" variable="authenticate.request">
        <IgnoreUnresolvedVariables>false</IgnoreUnresolvedVariables>
    </Request>
    <Response>authenticate.response</Response>
    <HTTPTargetConnection>
        <Properties/>
        <URL>https://imapnext.com/auth/realms/OCA/protocol/openid-connect/token</URL>
    </HTTPTargetConnection>
</ServiceCallout>