<?xml version="1.0" encoding="UTF-8" standalone="yes"?>
<SharedFlow name="default">
    <!--Description>
        This SF is setting outgoing headers to the backend.
        Input: N/A;
        Output: Dynamic Headers from KVM; 
    </Description-->
    <Step>
    <!--Description>
        Retrieves a List of header out a KVM.
    </Description-->
        <Name>3-KVMO-GetHeadersList</Name>
    </Step>
	<Step>
    <!--Description>
        Retrieves a List of header out a KVM from Default.
    </Description-->
		<Condition>(validationHeaderConfig == null)</Condition>
        <Name>3-KVMO-GetDefaultHeadersList</Name>
    </Step>
	<Step>
        <FaultRules/>
        <Name>3-EV-ExtractHeadersList</Name>
    </Step>
    <Step>
    <!--Description>
        Filters out unnecessary headers based on the previously retrieved List.
    </Description-->
        <Name>4-JS-FilterOutHeaders</Name>
    </Step>
    <Step>
    <!--Description>
        Propagates the Headers with necessary Information. 
    </Description-->
        <Name>4-JS-PropagateSBHeaders</Name>
    </Step>
</SharedFlow>
