<?xml version="1.0" encoding="UTF-8" standalone="yes"?>
<Manifest name="manifest">
    <Policies>
        <VersionInfo resourceName="3-EV-ExtractPayloadSizeFromKVM" version="SHA-512:79d456bb9050da23556b5ee7aeac9cf2a7e3aaa20f267b58e6cb637ff08d51d7e43308bcdbab828ff1056a4f3dfe4f2bbf53d26b58a8f17aaea2c85e7dae79a5"/>
        <VersionInfo resourceName="3-KVMO-ExtractMaxRequestSize" version="SHA-512:169fbb30f87da0130c6a32e465c209d1a8605672f1d230937c39c4397884f7868bd08f7ba620394c161cfdca17f29dfcfe74857bb3639dea6e5b684c4501333c"/>
        <VersionInfo resourceName="3-KVMO-ExtractMaxRequestSizeDefault" version="SHA-512:c297756421016c153fa2cb9c83b3fff880c360f384b3e1a962a69bad49cbfdac18a70baa816b3061cadef36f596db00acefb5688d8ac89f0d022e31dcbfc98be"/>
        <VersionInfo resourceName="4-JS-ExecuteSizeCheck" version="SHA-512:2755da317c7bb4c1bb9feb624c56dfb1b5627004e3c024adb9fd2c202c1e34df70aea7df02ec6ad2aacc8cc2cd9bfdf1274b9d51b4d9f7c64077ac8d838e2043"/>
    </Policies>
    <ProxyEndpoints/>
    <Resources>
        <VersionInfo resourceName="jsc://SizeCheck/InvokePolicy.js" version="SHA-512:aafd170638ebf24973336da6b4a90e1794444d8cea33bcd47d010ac77ec5c2f4decffabe25b3c0fb08604cfdf337f5bfa1b68d6447dab697b329b249fa99609d"/>
        <VersionInfo resourceName="jsc://SizeCheck/SizeCheck.js" version="SHA-512:436cdd45ae5892da3174dbe9c0193a7a56b9f9885fcf1b087fd0875450a4b9ef52ede826a0f0afe7e65e1aac95451003e84bdd91a8e378776d972301695ea99e"/>
        <VersionInfo resourceName="spec://SizeCheckSpec.js" version="SHA-512:afa3f8d72acbdf0230402814f4fd46a4efa73d6216896c6645813f1522cddc7c199fc58d83b99400fe3fc3aa5e733aab911f5807578da0bae31abb05e69d7012"/>
    </Resources>
    <SharedFlows>
        <VersionInfo resourceName="default" version="SHA-512:d02cddb6fbeb82bc7c43a8518a1126c990eacee37f900b530f7b6e6b751791457148f78f2217b7484b737cb16198680add93344322b852ca9bb8c3b59366ae77"/>
    </SharedFlows>
    <TargetEndpoints/>
</Manifest>
