<?xml version="1.0" encoding="UTF-8" standalone="yes"?>
<SharedFlowBundle revision="1" name="0-SF-UserInfoResponse">
    <ConfigurationVersion majorVersion="4" minorVersion="0"/>
    <CreatedAt>1613370883197</CreatedAt>
    <CreatedBy>aishwarya.das@infosys.com</CreatedBy>
    <Description>TestSFForLearning2</Description>
    <DisplayName>TestSFForLearning2</DisplayName>
    <LastModifiedAt>1626194106282</LastModifiedAt>
    <LastModifiedBy>shreerangan_t@infosys.com</LastModifiedBy>
    <ManifestVersion>SHA-512:c8da39ce86ee86a6eb813c461adbbf9c178385ad1a559979fc70c0fdd7cd40bc13258aa89dd7f9f4606b8bff694f9ccaf747059f6b10fbbcd50d1cf932ca003e</ManifestVersion>
    <Policies>
        <Policy>0-FC-InternalUserInfoCallout</Policy>
        <Policy>1-LC-RetrieveUserInfoCache</Policy>
        <Policy>3-EV-ExtractCachedValues</Policy>
        <Policy>4-JS-AssignRequestHeaders</Policy>
    </Policies>
    <Resources>
        <Resource>jsc://AssignRequestHeaders/AssignRequestHeaders.js</Resource>
        <Resource>jsc://AssignRequestHeaders/invokePolicy.js</Resource>
    </Resources>
    <Spec></Spec>
    <subType>SharedFlow</subType>
    <SharedFlows>
        <SharedFlow>default</SharedFlow>
    </SharedFlows>
</SharedFlowBundle>
