<?xml version="1.0" encoding="UTF-8" standalone="yes"?>
<SharedFlowBundle revision="3" name="0-SF-ValidateOAuthToken">
    <ConfigurationVersion majorVersion="4" minorVersion="0"/>
    <CreatedAt>1577947245782</CreatedAt>
    <CreatedBy>jayashree_r05@infosys.com</CreatedBy>
    <Description>    
        This SF checks if the Provided OAuth-Token is  and after that it verifies the Token in its Validation.
        Input: "Authorization" - Header(required);
        Output:"generic_oauth_invalid_token" - Error;
    </Description>
    <DisplayName>0-SF-ValidateOAuthToken</DisplayName>
    <LastModifiedAt>1621485267838</LastModifiedAt>
    <LastModifiedBy>lipi.gandhi@infosys.com</LastModifiedBy>
    <ManifestVersion>SHA-512:6352ad0833e44879f21b92da729892b9bf10e429cbcf5cf40e1cf6c655bd1c99550fa877c97cadf9c6757e463611505901815e84e1f28551c7a29e47110e1333:ap-northeast-1</ManifestVersion>
    <Policies>
        <Policy>2-OA2-VerifyAccessToken</Policy>
        <Policy>3-AM-AssignMessage-FlowName</Policy>
        <Policy>3-EV-ExtractAccessToken</Policy>
        <Policy>3-KVMO-GetAllowedScopes</Policy>
        <Policy>3-KVMO-GetScopes</Policy>
        <Policy>4-JS-InvalidAuthorizationHeader</Policy>
        <Policy>4-JS-PerformScopeValidation</Policy>
    </Policies>
    <Resources>
        <Resource>jsc://4-JS-InvalidAuthorizationHeader/4-JS-InvalidAuthorizationHeader.js</Resource>
        <Resource>jsc://4-JS-InvalidAuthorizationHeader/invokePolicy.js</Resource>
        <Resource>jsc://4-JS-PerformScopeValidation/4-JS-PerformScopeValidation.js</Resource>
        <Resource>jsc://4-JS-PerformScopeValidation/invokePolicy.js</Resource>
        <Resource>spec://PerformScopeValidationSpec.js</Resource>
        <Resource>spec://ThrowInvalidAcceptHeaderSpec.js</Resource>
    </Resources>
    <Spec></Spec>
    <subType>SharedFlow</subType>
    <SharedFlows>
        <SharedFlow>default</SharedFlow>
    </SharedFlows>
</SharedFlowBundle>
