<?xml version="1.0" encoding="UTF-8" standalone="yes"?>
<SharedFlowBundle revision="1" name="0-SF-ValidatePayloadSize">
    <ConfigurationVersion majorVersion="4" minorVersion="0"/>
    <CreatedAt>1577947275584</CreatedAt>
    <CreatedBy>jayashree_r05@infosys.com</CreatedBy>
    <Description>            
        This SF checks if the allowed Size of the URI, Payload, and Headers are provided. Currently it's only an example.             
        Input: N/A;
        Output: "Too Large" - Errors;
    </Description>
    <DisplayName>0-SF-ValidateURIHeaderPayloadSize</DisplayName>
    <LastModifiedAt>1578649395270</LastModifiedAt>
    <LastModifiedBy>jayashree_r05@infosys.com</LastModifiedBy>
    <ManifestVersion>SHA-512:1f27f47a19b58ad9390845864d44150de3c220fe922a518e6bd1d0bc2e9e278bc6e3da71a5b742b71a6ca1dc0086a2a5038925b6a3b02dc5648987d4b3639fd1:ap-northeast-1</ManifestVersion>
    <Policies>
        <Policy>3-EV-ExtractPayloadSizeFromKVM</Policy>
        <Policy>3-KVMO-ExtractMaxRequestSize</Policy>
        <Policy>3-KVMO-ExtractMaxRequestSizeDefault</Policy>
        <Policy>4-JS-ExecuteSizeCheck</Policy>
    </Policies>
    <Resources>
        <Resource>jsc://SizeCheck/InvokePolicy.js</Resource>
        <Resource>jsc://SizeCheck/SizeCheck.js</Resource>
        <Resource>spec://SizeCheckSpec.js</Resource>
    </Resources>
    <Spec></Spec>
    <subType>SharedFlow</subType>
    <SharedFlows>
        <SharedFlow>default</SharedFlow>
    </SharedFlows>
</SharedFlowBundle>
