<?xml version="1.0" encoding="UTF-8" standalone="yes"?>
<KeyValueMapOperations name="3-KVMO-GetSchemas" enabled="true" continueOnError="false" async="false" mapIdentifier="SF-KVM-ValidateRequest" encrypted="false">
    <DisplayName>3-KVMO-GetSchemas</DisplayName>
    <FaultRules/>
    <Properties/>
    <ExclusiveCache>false</ExclusiveCache>
    <ExpiryTimeInSecs>-1</ExpiryTimeInSecs>
    <InitialEntries/>
    <Get assignTo="validationJsonSchemas">
        <Key>
            <Parameter ref="apiproxy.name"/>
        </Key>
    </Get>
    <Scope>environment</Scope>
</KeyValueMapOperations>