<?xml version="1.0" encoding="UTF-8" standalone="yes"?>
<RaiseFault async="false" continueOnError="false" enabled="true" name="3-RF-RaiseJSONResponseNotValid">
    <DisplayName>3-RF-RraiseJSONResponseNotValid</DisplayName>
    <Properties/>
    <FaultResponse>
        <Set>
            <Headers>
                <Header name="Content-Type">application/vnd.vodafone.a42+json</Header>
            </Headers>
            <Payload contentType="application/vnd.vodafone.a42+json" variablePrefix="@" variableSuffix="#">
                {
	                "errorResponse": {
		            "code": "503",
		            "message": "@raiseFaultRuleSchemaValidationMessage#"
	                }
                }
			</Payload>
            <StatusCode>{flow.error.status}</StatusCode>
            <ReasonPhrase>{flow.error.reason}</ReasonPhrase>
        </Set>
    </FaultResponse>
    <IgnoreUnresolvedVariables>true</IgnoreUnresolvedVariables>
</RaiseFault>
