<?xml version="1.0" encoding="UTF-8" standalone="yes"?>
<SharedFlowBundle revision="1" name="COMMON_GetBYAccessToken">
    <ConfigurationVersion majorVersion="4" minorVersion="0"/>
    <CreatedAt>1612450176634</CreatedAt>
    <CreatedBy>rohit.karadi@infosys.com</CreatedBy>
    <Description>To get Blue yonder OAuth access token</Description>
    <DisplayName>GetBYAccessToken</DisplayName>
    <LastModifiedAt>1612450176634</LastModifiedAt>
    <LastModifiedBy>rohit.karadi@infosys.com</LastModifiedBy>
    <ManifestVersion>SHA-512:8baf2c0062fbfed559d3dc07c59db4b1ea011c3e5bdb82426885b571f7f4b0f1a1fd39798aefe7dca5032c58a0b3468226248db20d44a317338bd4e9a77111dc</ManifestVersion>
    <Policies>
        <Policy>AssignAccessToken</Policy>
        <Policy>GetAccessToken</Policy>
        <Policy>RemoveAuthorizationAndPath</Policy>
        <Policy>RetrieveBasicAuth</Policy>
        <Policy>RetrieveOAuthEndPointURI</Policy>
        <Policy>RetriveAccessToken</Policy>
        <Policy>SetVariables</Policy>
    </Policies>
    <Resources/>
    <Spec></Spec>
    <subType>SharedFlow</subType>
    <SharedFlows>
        <SharedFlow>default</SharedFlow>
    </SharedFlows>
</SharedFlowBundle>
