<?xml version="1.0" encoding="UTF-8" standalone="yes"?>
<SharedFlow name="default">
    <Step>
        <Name>3-KVMO-GetUserInfoParams</Name>
    </Step>
    <Step>
        <Name>4-JS-BuildCalloutURL</Name>
    </Step>
    <Step>
        <Name>1-LC-RetrieveJWKSFromCache</Name>
    </Step>
    <Step>
        <Condition>JWKSResponse equals null</Condition>
        <Name>4-SC-JWKSServiceCallout</Name>
    </Step>
    <Step>
        <Condition>JWKSResponse.status.code != 200</Condition>
        <Name>3-RF-WSO2Fault</Name>
    </Step>
    <Step>
        <Condition>(JWKSResponse.status.code == 200) and (lookupcache.1-LC-RetrieveJWKSFromCache.cachehit == false) and (request.header.target-stub != "true")</Condition>
        <Name>1-PC-PopulateJWKSCache</Name>
    </Step>
    <Step>
        <Condition>JWKSResponse != null</Condition>
        <Name>3-EV-ExtractJWKS</Name>
    </Step>
    <Step>
        <Name>2-VJ-VerifyJWT</Name>
    </Step>
    <Step>
        <Name>2-DJ-DecodeNBJWT</Name>
    </Step>
    <Step>
        <Name>4-JS-CalcCacheExpiry</Name>
    </Step>
    <Step>
        <Condition>userInfoResponse equals null</Condition>
        <Name>4-SC-WSO2UserInfoCallOut</Name>
    </Step>
    <Step>
        <Condition>signedJWT.status.code != 200</Condition>
        <Name>3-RF-WSO2Fault</Name>
    </Step>
    <Step>
        <Condition>userInfoResponse equals null</Condition>
        <Name>4-SC-AuthMicroSeriveCallout</Name>
    </Step>
    <Step>
        <Condition>apiProfileResponse.status.code != 200</Condition>
        <Name>3-RF-WSO2Fault</Name>
    </Step>
    <Step>
        <Condition>(signedJWT.status.code == 200) and (apiProfileResponse.status.code == 200)</Condition>
        <Name>4-JS-CreateUnsignedJWT</Name>
    </Step>
    <Step>
        <Condition>(signedJWT.status.code == 200) and (apiProfileResponse.status.code == 200)</Condition>
        <Name>4-JS-CreateCachingJSON</Name>
    </Step>
    <Step>
        <Condition>(signedJWT.status.code == 200) and (apiProfileResponse.status.code == 200) and (request.header.target-stub != "true")</Condition>
        <Name>1-PC-PopulateUserInfoCache</Name>
    </Step>
</SharedFlow>