<?xml version="1.0" encoding="UTF-8" standalone="yes"?>
<SharedFlowBundle revision="1" name="0-SF-ValidateBasicAuth">
    <ConfigurationVersion majorVersion="4" minorVersion="0"/>
    <CreatedAt>1590480688986</CreatedAt>
    <CreatedBy>shreerangan_t@infosys.com</CreatedBy>
    <Description>Basic Authorization</Description>
    <DisplayName>0-SF-BasicAuth</DisplayName>
    <LastModifiedAt>1606202385552</LastModifiedAt>
    <LastModifiedBy>aishwarya.das@infosys.com</LastModifiedBy>
    <ManifestVersion>SHA-512:f48bd8a6e4e3f32c9cb52012c1045000c18e6fe936982ce62bc282f4b512d4fe6e4fea6342a725d2d76be8c2de8397c3df01e9143ea20e7baaffff01df65a8af:ap-northeast-1</ManifestVersion>
    <Policies>
        <Policy>2-BA-BasicAuthorization</Policy>
        <Policy>2-VAK-VerifyApiKey</Policy>
        <Policy>3-RF-Raise-Fault</Policy>
        <Policy>4-JS-ExtractApiSecret</Policy>
    </Policies>
    <Resources>
        <Resource>jsc://VerifyApiSecret.js</Resource>
        <Resource>jsc://invokePolicy.js</Resource>
    </Resources>
    <Spec></Spec>
    <subType>SharedFlow</subType>
    <SharedFlows>
        <SharedFlow>default</SharedFlow>
    </SharedFlows>
</SharedFlowBundle>
