<?xml version="1.0" encoding="UTF-8" standalone="yes"?>
<Manifest name="manifest">
    <Policies>
        <VersionInfo resourceName="1-AM-ErrorHandling" version="SHA-512:f7730fbd8714b9cf032cc71cbaab61a5800f5119efe736b5bc9c315036c06938868c038bf8bf0311211efb3dd40afa5ced3331f790df80f468fad443e598efdf"/>
    </Policies>
    <ProxyEndpoints/>
    <Resources/>
    <SharedFlows>
        <VersionInfo resourceName="default" version="SHA-512:4425658122282d5380c744f67c92f7f3242f804f48853d73eab1fc48e957f363bd428609de812d3beb94cd45ef6659d8087136607caa69f3bb9e93e0507ac0a8"/>
    </SharedFlows>
    <TargetEndpoints/>
</Manifest>
