<?xml version="1.0" encoding="UTF-8" standalone="yes"?>
<Manifest name="manifest">
    <Policies>
        <VersionInfo resourceName="3-KVMO-ReadSecurityRequestXSS" version="SHA-512:6ff02f069b456749a82c10a7fdf66ef6c85add621eb9bb309d07113203b4d4a0c5bae449a7ae6730e79c6723eed3640ffccaeefd8910cab5b4a73e0214ee0d12"/>
        <VersionInfo resourceName="3-KVMO-ReadSecurityRequestXSSDefault" version="SHA-512:4e2a3e4b0edb8bc8c90eb4f081f398e6f40c31da7e901e87cdc0436a8dc9abb765b9cbb8b5ab59b8f2c8bfa901948d7109d4e32ceb5e3d1898aa67a59e447d55"/>
        <VersionInfo resourceName="4-JS-CheckXSSInRequest" version="SHA-512:ec5972649f2f0ac0fc9081f358c487b48161ac9417b62213d395862cab5fd96e632f8b6359bfad8361be56480f55581e318f84a3d98b1f58769f27a5a2b69a95"/>
    </Policies>
    <ProxyEndpoints/>
    <Resources>
        <VersionInfo resourceName="jsc://4-JS-CheckXSSInRequest.js" version="SHA-512:5e29c151b578e90e4a2f0c2ee25d625b0d002882e52615e2d1d6541d154185bcedff426d4fca763385be07c279b03802ef5046b80e8930806d0182e441374453"/>
    </Resources>
    <SharedFlows>
        <VersionInfo resourceName="default" version="SHA-512:04db1798fdad4ab0250ef9c115a597c3f4c176434e838539a58840030e0d6ef3e6bb847656d8b8bd0d2c66d51efe8a7c743226d7be34fdc4748461c3889db1d3"/>
    </SharedFlows>
    <TargetEndpoints/>
</Manifest>
