<?xml version="1.0" encoding="UTF-8" standalone="yes"?>
<ExtractVariables async="false" continueOnError="false" enabled="true" name="3-EV-ParseSAConfig">
    <DisplayName>3-EV-ParseSAConfig</DisplayName>
    <Properties/>
    <JSONPayload>
        <Variable name="enabled">
            <JSONPath>$.enabled</JSONPath>
        </Variable>
        <Variable name="count">
            <JSONPath>$.count</JSONPath>
        </Variable>
    </JSONPayload>
    <IgnoreUnresolvedVariables>true</IgnoreUnresolvedVariables>
    <Source clearPayload="false">private.spikeArrestConfig</Source>
</ExtractVariables>