<?xml version="1.0" encoding="UTF-8" standalone="yes"?>
<Manifest name="manifest">
    <Policies>
        <VersionInfo resourceName="2-OA2-VerifyAccessToken" version="SHA-512:e0459ac8135f96bf347b774c62f2524d9075d533c6736d3558e7536cf3a275e4f05ab0bb1e7570265cd66f93b021a58bf931ed0ba1bf9c224b7a071c1abfe45c"/>
        <VersionInfo resourceName="3-KVMO-GetScopeConfig" version="SHA-512:f29beb762af8698442553aade24839820f0213d49de7494bc067d2e40e086445c95db0a20d386966a01dcf592f537bfb15998e35d4c761f4fc711a8625b88c10"/>
        <VersionInfo resourceName="4-JS-ScopeValidation" version="SHA-512:8b548efc2313b01026deddab1e55bc7dde3ecbb43aefca8031fa0f456dfb29463ac227b82392503058d20631d697bb6b51a9af158e9663e4bde56dfee2135f2b"/>
    </Policies>
    <ProxyEndpoints/>
    <Resources>
        <VersionInfo resourceName="jsc://ScopeValidation.js" version="SHA-512:331f378f73bcf5b781e2a58d24970e28430511a27a646b93d148f046dbda10f07bef3f076d3a1e508d78ee58467eb82f656f813e14a11743ea19bb9702c29b9c"/>
    </Resources>
    <SharedFlows>
        <VersionInfo resourceName="default" version="SHA-512:e6af8836340895bdb839eaa6d31b375c4f03802c366f9dd17be2eef01d57a2b79ee538862484e61eb1d565a7cf0a06dc222327609b684746ce90240acc67e302"/>
    </SharedFlows>
    <TargetEndpoints/>
</Manifest>
