<?xml version="1.0" encoding="UTF-8" standalone="yes"?>
<Manifest name="manifest">
    <Policies>
        <VersionInfo resourceName="3-AM-AssignPreflightResponseNoHeaders" version="SHA-512:02a3a66cfeabc45e886134f0e9adfd48c10d2a2f753cc58bd3f5c8cb2f3882b328eef357cfcf6acbeb97fa27600ac72e49eee65926579ccb669fb4b7e333d4dc"/>
        <VersionInfo resourceName="3-AM-AssignPreflightResponseWithHeaders" version="SHA-512:5e9abcaa872431b2bac65f684fe4739a67cfab2136b8c7dde0d82d7d70b3ffa46870a7f9d229af2d3eaefd18bb510233f33cb1282b975a8615978e0c7f55b45e"/>
    </Policies>
    <ProxyEndpoints/>
    <Resources/>
    <SharedFlows>
        <VersionInfo resourceName="default" version="SHA-512:ff6f0baa3c2e3dfd17783519af474221e3300920e2cdfb3f22576d1f9d68f214d94c8424a004e7d2d1ebc800a2dc2570fa5a1585bfff3029d56df27f33b6b84c"/>
    </SharedFlows>
    <TargetEndpoints/>
</Manifest>
