<?xml version="1.0" encoding="UTF-8" standalone="yes"?>
<Manifest name="manifest">
    <Policies>
        <VersionInfo resourceName="AssignGenericDeveloperProfileAccessError" version="SHA-512:90253a777bf46c27307747b30910d999cda43eecadaba3c0d8ff031baefea7f1238a6599015ff385e8b73a6bdbac16916d4f144d262e83c4478f30fe6445065e"/>
        <VersionInfo resourceName="LookupDeveloperAppOrgCache" version="SHA-512:dc39aefd0570b3e13a1221609f2668ea0bc5d646f275c153d30930ab8077c7587b1fae9cc827b4b51153498a1611c8c9a0d238cb67c8b9406508f196249681de"/>
        <VersionInfo resourceName="PopulateDeveloperAppOrgCache" version="SHA-512:e36b0779d1b6895a52857895093a7971c254b71a0efa38a00ff7f78aac1373dce5e54cc6088d8c55cec4fbb099c0552d62277422cbbc91fd9ca2db80ccd1d314"/>
        <VersionInfo resourceName="getDeveloperAppProfile" version="SHA-512:e784873b50f5e3172a8079f8181cd1aaf053216d5cb30142abd1eaac90c7b5f3d9202c14ff4ba3681e9807b43a29d413b73292b910872d5b9a041987dfd0219b"/>
    </Policies>
    <ProxyEndpoints/>
    <Resources>
        <VersionInfo resourceName="jsc://AssignGenericDeveloperProfileAccessError.js" version="SHA-512:0768b80edf90271bfeb95120f216af10250316cf17c9fee92ed236562b7aeb332cef5e25dfcdd4c49b2df44ea07ac469e2b003b70d3d339958ac210427383dd3"/>
    </Resources>
    <SharedFlows>
        <VersionInfo resourceName="default" version="SHA-512:5291ab0d47f5819b0dc574c555a5233ecefc739039bc1c4b20fba0d0bbfb203e9aed7a03cb764c427e36a817ecf442e8505cfe6a5e4487a83deda9255acff5d9"/>
    </SharedFlows>
    <TargetEndpoints/>
</Manifest>
