<?xml version="1.0" encoding="UTF-8" standalone="yes"?>
<SharedFlowBundle revision="1" name="0-SF-NetworkCorsPreflightResponse">
    <ConfigurationVersion majorVersion="4" minorVersion="0"/>
    <CreatedAt>1578035307941</CreatedAt>
    <CreatedBy>jayashree_r05@infosys.com</CreatedBy>
    <Description></Description>
    <DisplayName>0-SF-NetworkCorsPreflightResponse</DisplayName>
    <LastModifiedAt>1578035307941</LastModifiedAt>
    <LastModifiedBy>jayashree_r05@infosys.com</LastModifiedBy>
    <ManifestVersion>SHA-512:ee1db3f601f7a5d139e7562ff376406051b9b9ae880976274ce0840bd77a03e5f8f7e5423f02e786d85411dc78faac69b30d9f8b973f0e19e5d9a4cf4eebcfc6:ap-northeast-1</ManifestVersion>
    <Policies>
        <Policy>3-AM-AssignPreflightResponseNoHeaders</Policy>
        <Policy>3-AM-AssignPreflightResponseWithHeaders</Policy>
    </Policies>
    <Resources/>
    <Spec></Spec>
    <subType>SharedFlow</subType>
    <SharedFlows>
        <SharedFlow>default</SharedFlow>
    </SharedFlows>
</SharedFlowBundle>
