<?xml version="1.0" encoding="UTF-8" standalone="yes"?>
<SharedFlowBundle revision="1" name="Shared-SpikeArrest">
    <ConfigurationVersion majorVersion="4" minorVersion="0"/>
    <CreatedAt>1641707975669</CreatedAt>
    <CreatedBy>benit.jose@infosys.com</CreatedBy>
    <Description>Spike arrest</Description>
    <DisplayName>Shared-SpikeArrest</DisplayName>
    <LastModifiedAt>1641708001811</LastModifiedAt>
    <LastModifiedBy>benit.jose@infosys.com</LastModifiedBy>
    <ManifestVersion>SHA-512:453ce6f85585f66157bac87fbe0f9beec622ab40d1f6cc8d92660b9e598357c1c65609f528a90a4325c45bc8f68729f76af409518ed7d1d2202fed7f8fa8b202:ap-northeast-1</ManifestVersion>
    <Policies>
        <Policy>Spike-Arrest</Policy>
    </Policies>
    <Resources/>
    <Spec></Spec>
    <subType>SharedFlow</subType>
    <SharedFlows>
        <SharedFlow>default</SharedFlow>
    </SharedFlows>
</SharedFlowBundle>
