<?xml version="1.0" encoding="UTF-8" standalone="yes"?>
<ExtractVariables async="false" continueOnError="false" enabled="true" name="3-EV-ExtractSpikeArrest">
    <DisplayName>3-EV-ExtractSpikeArrest</DisplayName>
    <FaultRules/>
    <Properties/>
    <IgnoreUnresolvedVariables>true</IgnoreUnresolvedVariables>
    <JSONPayload>
        <Variable name="spikearrest">
            <JSONPath>$.spikearrest</JSONPath>
        </Variable>
    </JSONPayload>
    <Source clearPayload="false">trafficManagementConfig</Source>
</ExtractVariables>