<?xml version="1.0" encoding="UTF-8" standalone="yes"?>
<AssignMessage name="3-AM-CORSAssignSimpleResponse" async="false" continueOnError="false" enabled="true">
    <DisplayName>3-AM-CORSAssignSimpleResponse</DisplayName>
    <IgnoreUnresolvedVariables>false</IgnoreUnresolvedVariables>
    <Set>
        <Headers>
            <Header name="Access-Control-Allow-Origin">{origin}</Header>
            <Header name="Access-Control-Expose-Headers">{accessControlExposeHeaders}</Header>
            <Header name="Access-Control-Allow-Credentials">{accessControlAllowCredentials}</Header>
        </Headers>
    </Set>
</AssignMessage>