<?xml version="1.0" encoding="UTF-8" standalone="yes"?>
<Manifest name="manifest">
    <Policies>
        <VersionInfo resourceName="Spike-Arrest" version="SHA-512:e926713bcd7e5017ef29e2d9cd65e89e0bf2c45770b0dd5cf68a44ffe0e6cb83d37d6f14afce3917757c03e3ba563630d3fd20dd295ad88eddc60343284ef548"/>
    </Policies>
    <ProxyEndpoints/>
    <Resources/>
    <SharedFlows>
        <VersionInfo resourceName="default" version="SHA-512:d6a99e7d28b9e8464b558e93b3f2b13b1bd15b81a67775dbde5885d80545cc02de53d71212d076d9742c707886b2f108b0eb33f85954d0d0b9e0e5351265d831"/>
    </SharedFlows>
    <TargetEndpoints/>
</Manifest>
