<?xml version="1.0" encoding="UTF-8" standalone="yes"?>
<SharedFlowBundle revision="1" name="0-SF-ApplyQuota">
    <ConfigurationVersion majorVersion="4" minorVersion="0"/>
    <CreatedAt>1577946840412</CreatedAt>
    <CreatedBy>jayashree_r05@infosys.com</CreatedBy>
    <Description>
        Sets Quota setting to defined Values, out of a KVM, based on the apiproxy-name.
        Input: N/A;
        Output: A Proxy Specific Quota-Setting.     
    </Description>
    <DisplayName>0-SF-ApplyQuota</DisplayName>
    <LastModifiedAt>1577946840412</LastModifiedAt>
    <LastModifiedBy>jayashree_r05@infosys.com</LastModifiedBy>
    <ManifestVersion>SHA-512:982f0b7ad4fc133ce37a7ff94f156a1c5758ea456c362c41853cfbbc7d1326fd1f2afec9d0c1d99275e578bed84c9396b76dddf3057390e7ce7ee02f6b3d3db8:ap-northeast-1</ManifestVersion>
    <Policies>
        <Policy>1-Q-ThrottlingApi1min</Policy>
        <Policy>3-EV-ExtractQuotasFromKVM</Policy>
        <Policy>3-KVMO-GetKVMDefaultValue</Policy>
        <Policy>3-KVMO-GetQuotaValues</Policy>
        <Policy>4-JS-ExtractQuotas</Policy>
    </Policies>
    <Resources>
        <Resource>jsc://ExtractConfigurationParameters/.eslintrc.js</Resource>
        <Resource>jsc://ExtractConfigurationParameters/ExtractConfigurationParameters.js</Resource>
        <Resource>jsc://ExtractConfigurationParameters/invokePolicy.js</Resource>
        <Resource>spec://ApplyQuotaSpec.js</Resource>
        <Resource>spec://support/jasmine.json</Resource>
    </Resources>
    <Spec></Spec>
    <subType>SharedFlow</subType>
    <SharedFlows>
        <SharedFlow>default</SharedFlow>
    </SharedFlows>
</SharedFlowBundle>
