<?xml version="1.0" encoding="UTF-8" standalone="yes"?>
<Manifest name="manifest">
    <Policies>
        <VersionInfo resourceName="Message-Logging" version="SHA-512:927e87dd171229f34fd9b4fe603ba791cdb11f472d24ef9966150165454c9ec6603e3f072ff049988257b4341e899c2b23207715d1f837dbeee7abaa193fcbc8"/>
    </Policies>
    <ProxyEndpoints/>
    <Resources/>
    <SharedFlows>
        <VersionInfo resourceName="default" version="SHA-512:b51442ca58f3f87c0c0ad2d079dc4e2acd53c49403b78b668791195facc76db85b43e95b8c8b03e62868fb8905d7c067ffffd891e6ab684e7d46ec8fcb808bea"/>
    </SharedFlows>
    <TargetEndpoints/>
</Manifest>
