<?xml version="1.0" encoding="UTF-8" standalone="yes"?>
<SharedFlowBundle revision="1" name="0-SF-LogContent">
    <ConfigurationVersion majorVersion="4" minorVersion="0"/>
    <CreatedAt>1577947040379</CreatedAt>
    <CreatedBy>jayashree_r05@infosys.com</CreatedBy>
    <Description>Shared flow implementing ULFF logging</Description>
    <DisplayName>0-SF-ULFFLogging</DisplayName>
    <LastModifiedAt>1578383683575</LastModifiedAt>
    <LastModifiedBy>jayashree_r05@infosys.com</LastModifiedBy>
    <ManifestVersion>SHA-512:f29e2d3675472538b92312cd0ca1d216e4402de66aa90d49fd9d289f5f6c49ff176e85452436bdbb321f949b81f560db64e0b0513e7de98aa0ccd063f3abdf78:ap-northeast-1</ManifestVersion>
    <Policies>
        <Policy>4-JS-LoggingContent</Policy>
        <Policy>4-ML-WriteLog</Policy>
    </Policies>
    <Resources>
        <Resource>jsc://LoggingContent/LoggingContent.js</Resource>
        <Resource>jsc://LoggingContent/invokePolicy.js</Resource>
        <Resource>spec://LoggingULFFContentSpec.js</Resource>
    </Resources>
    <Spec></Spec>
    <subType>SharedFlow</subType>
    <SharedFlows>
        <SharedFlow>default</SharedFlow>
    </SharedFlows>
</SharedFlowBundle>
