<?xml version="1.0" encoding="UTF-8" standalone="yes"?>
<SharedFlowBundle revision="1" name="0-SF-ValidateResponse">
    <ConfigurationVersion majorVersion="4" minorVersion="0"/>
    <CreatedAt>1577947537253</CreatedAt>
    <CreatedBy>jayashree_r05@infosys.com</CreatedBy>
    <Description>0-SF-ValidateRequest</Description>
    <DisplayName>SF-ValidateRequest</DisplayName>
    <LastModifiedAt>1578035124412</LastModifiedAt>
    <LastModifiedBy>jayashree_r05@infosys.com</LastModifiedBy>
    <ManifestVersion>SHA-512:68b3063724ec80778b5d7b3666646cea7bf4da894ff350dab84e3813291fe36234fd62ed2050c9bd572c54fea5bb5ae04eebd4baf350645d85a5f30c4434f13b:ap-northeast-1</ManifestVersion>
    <Policies>
        <Policy>3-EV-ExtractIncomingRequestSchema</Policy>
        <Policy>3-EV-ExtractIncomingResponseSchema</Policy>
        <Policy>3-EV-ExtractSchema</Policy>
        <Policy>3-KVMO-ExtractAPISchema</Policy>
        <Policy>3-KVMO-GetIncomingRequestSchemas</Policy>
        <Policy>3-KVMO-GetSchemas</Policy>
        <Policy>3-RF-RaiseJSONRequestNotValid</Policy>
        <Policy>3-RF-RaiseJSONResponseNotValid</Policy>
        <Policy>4-JS-ValidateJSON</Policy>
    </Policies>
    <Resources>
        <Resource>coverage://.DS_Store</Resource>
        <Resource>coverage://coverage.json</Resource>
        <Resource>coverage://lcov-report/base.css</Resource>
        <Resource>coverage://lcov-report/index.html</Resource>
        <Resource>coverage://lcov-report/jsc/4-JS-Validate-JSON/4-JS-Validate-JSON.js.html</Resource>
        <Resource>coverage://lcov-report/jsc/4-JS-Validate-JSON/index.html</Resource>
        <Resource>coverage://lcov-report/prettify.css</Resource>
        <Resource>coverage://lcov-report/prettify.js</Resource>
        <Resource>coverage://lcov-report/sort-arrow-sprite.png</Resource>
        <Resource>coverage://lcov-report/sorter.js</Resource>
        <Resource>coverage://lcov-report/spec/ValidateJSONResponseSpec.js.html</Resource>
        <Resource>coverage://lcov-report/spec/index.html</Resource>
        <Resource>coverage://lcov.info</Resource>
        <Resource>jsc://.DS_Store</Resource>
        <Resource>jsc://4-JS-Validate-JSON/4-JS-Validate-JSON.js</Resource>
        <Resource>jsc://4-JS-Validate-JSON/invokePolicy.js</Resource>
        <Resource>jsc://4-JS-Validate-JSON/tv4.js</Resource>
        <Resource>spec://ValidateJSONRequestSpec.js</Resource>
        <Resource>spec://ValidateJSONResponseSpec.js</Resource>
    </Resources>
    <Spec></Spec>
    <subType>SharedFlow</subType>
    <SharedFlows>
        <SharedFlow>default</SharedFlow>
    </SharedFlows>
</SharedFlowBundle>
