<?xml version="1.0" encoding="UTF-8" standalone="yes"?>
<KeyValueMapOperations name="3-KVMO-GetUserInfoParams" async="false" continueOnError="false" enabled="true" mapIdentifier="SF-KVM-GetUserInfoParams" encrypted="false">
    <DisplayName>3-KVMO-GetUserInfoParams</DisplayName>
    <FaultRules/>
    <Properties/>
    <ExclusiveCache>false</ExclusiveCache>
    <ExpiryTimeInSecs>-1</ExpiryTimeInSecs>
    <InitialEntries/>
    <Get assignTo="TargetsServiceCallout">
        <Key>
            <Parameter>TargetsServiceCallout</Parameter>
        </Key>
    </Get>
    <Scope>environment</Scope>
</KeyValueMapOperations>