<?xml version="1.0" encoding="UTF-8" standalone="yes"?>
<ServiceCallout name="4-SC-AuthMicroSeriveCallout" enabled="true" continueOnError="true" async="false">
    <DisplayName>4-SC-AuthMicroSeriveCallout</DisplayName>
    <Properties/>
    <Request variable="authRequest" clearPayload="true">
        <IgnoreUnresolvedVariables>false</IgnoreUnresolvedVariables>
        <Set>
            <Headers>
                <Header name="Authorization">{request.header.Authorization}</Header>
                <Header name="X-JWT-Assertion">{signedJWT.content}</Header>
                <Header name="Content-Type">application/json</Header>
                <Header name="Accept">application/json</Header>
            </Headers>
            <Verb>GET</Verb>
        </Set>
    </Request>
    <Response>apiProfileResponse</Response>
    <HTTPTargetConnection>
        <Properties/>
        <URL>https://{APIProfileResponseUrlHost}/{APIProfileResponsePath}</URL>
    </HTTPTargetConnection>
</ServiceCallout>