<?xml version="1.0" encoding="UTF-8" standalone="yes"?>
<ServiceCallout name="4-SC-WSO2UserInfoCallOut" enabled="true" continueOnError="true" async="false">
    <DisplayName>4-SC-WSO2UserInfoCallOut</DisplayName>
    <Properties/>
    <Request variable="userInfoRequest" clearPayload="true">
        <IgnoreUnresolvedVariables>false</IgnoreUnresolvedVariables>
        <Set>
            <Headers>
                <Header name="Authorization">{request.header.Authorization}</Header>
            </Headers>
        </Set>
    </Request>
    <Response>signedJWT</Response>
    <HTTPTargetConnection>
        <Properties/>
        <URL>https://{UserInfoResponseUrlHost}/{UserInfoResponsePath}</URL>
        <!--<URL>https://m2mlit4gui.vodafone.com/oauthxyz2/utrserinfo123?schema=openidok</URL>-->
        <!--<URL>https://idm1.lit4.m2m.vodafone.com:9443/oauth2/userinfo?schema=openid</URL>-->
    </HTTPTargetConnection>
</ServiceCallout>