<?xml version="1.0" encoding="UTF-8" standalone="yes"?>
<ServiceCallout name="4-SC-JWKSServiceCallout" enabled="true" continueOnError="true" async="false">
    <DisplayName>4-SC-JWKSServiceCallout</DisplayName>
    <Properties/>
    <Request variable="myRequest" clearPayload="true">
        <IgnoreUnresolvedVariables>false</IgnoreUnresolvedVariables>
    </Request>
    <Response>JWKSResponse</Response>
    <HTTPTargetConnection>
        <Properties/>
        <URL>https://{JWKSResponseUrlHost}/{JWKSPath}</URL>
        <!--<URL>https://notok.com:123/oauth2/jwks</URL>-->
    </HTTPTargetConnection>
</ServiceCallout>