<?xml version="1.0" encoding="UTF-8" standalone="yes"?>
<Manifest name="manifest">
    <Policies>
        <VersionInfo resourceName="3-AM-ErrorResponseWithLink" version="SHA-512:d7a5e326b1c8d90e9f2105b4f5065a48330385a0efbb7e100db2ec27a36509a44d42133d48e311e20ffd31bf37b57d0b129dedb196b6d5adbc6d98d3538b3040"/>
        <VersionInfo resourceName="3-AM-ErrorResponseWithoutLink" version="SHA-512:97dc498bd4f7deea28e21994c2bdd61cf8787fc2f8600b97aa56b7db22430e1f68d61b2e8457e0a8df638ce593a1d78eb05f1ba77c4c506c9a81cce7cbdf07c1"/>
        <VersionInfo resourceName="3-KVMO-GetCatalogLink" version="SHA-512:04012f1d8d07c713f39e5893f958cd88d1c9d2021785118a00e132c3fc26f5d747c1c5cd9dcee23facae4b09fa52951b311d45a186b386c6a38d26a86899543a"/>
        <VersionInfo resourceName="4-JS-GenerateErrorVariables" version="SHA-512:b6775fdace6eda38fbf82afcfee855abf2b187fc388734c313297aeb8732389cc8da2e34b8aebe41e576fc09404b54b61a369a8fd832c51b451db60dae6f07a2"/>
    </Policies>
    <ProxyEndpoints/>
    <Resources>
        <VersionInfo resourceName="jsc://GenerateErrorVariables/GenerateErrorVariables.js" version="SHA-512:11007e11ed1936cc31398a83740dfab85cd26b7265882001cf60fcd1aa87cc9e68bfb63abc3386fb2d6a4a15b4351822e06b4c600922b4a58307a9be34825659"/>
        <VersionInfo resourceName="jsc://GenerateErrorVariables/InvokePolicy.js" version="SHA-512:a220a4124d94c192f10bea2a166355b690c1932688cb1885ad6ccf1a347455621750b3af101e9c24b1bee842f94cc1d2e52e59bf0ab7f05461c13521e5fd5a64"/>
        <VersionInfo resourceName="spec://GenerateErrorSpec.js" version="SHA-512:8932023fc50630078aab8fb1d888026b04d6756e7dc0e6dee419ddf647bfa9d6125a2d9f0d08a218988ebf36aa341f22b88e936c33b8176fe39c069aee73ff7a"/>
        <VersionInfo resourceName="spec://support/jasmine.json" version="SHA-512:d9ae9690184b9bf3ff7053b2a057c1264941beb713427fb22a378eca16d1b3731a9d2a97c143b8921ec8ed36c1d972720e0e849c6e40ea8a5d7310c959ac2e52"/>
    </Resources>
    <SharedFlows>
        <VersionInfo resourceName="default" version="SHA-512:61c4ec43a39d829914d526bfba664baa9e023ba122cd3765bad83ceec1054cc7dbb732db065683300310b6008662a1f6ccccaafe72d6ca689d6dff64f5579df5"/>
    </SharedFlows>
    <TargetEndpoints/>
</Manifest>
