<?xml version="1.0" encoding="UTF-8" standalone="yes"?>
<ExtractVariables async="false" continueOnError="false" enabled="true" name="3-EV-ParseCORSConfig">
    <DisplayName>3-EV-ParseCORSConfig</DisplayName>
    <Properties/>
    <JSONPayload>
        <Variable name="cors_allowed_origins">
            <JSONPath>$.cors_allowed_origins</JSONPath>
        </Variable>
        <Variable name="cors_allowed_methods">
            <JSONPath>$.cors_allowed_methods</JSONPath>
        </Variable>
        <Variable name="cors_allowed_headers">
            <JSONPath>$.cors_allowed_headers</JSONPath>
        </Variable>
        <Variable name="cors_expose_headers">
            <JSONPath>$.cors_expose_headers</JSONPath>
        </Variable>
        <Variable name="cors_max_age">
            <JSONPath>$.cors_max_age</JSONPath>
        </Variable>
        <Variable name="cors_allow_credentials">
            <JSONPath>$.cors_allow_credentials</JSONPath>
        </Variable>
    </JSONPayload>
    <IgnoreUnresolvedVariables>true</IgnoreUnresolvedVariables>
    <Source clearPayload="false">private.cORSConfig</Source>
</ExtractVariables>