<?xml version="1.0" encoding="UTF-8" standalone="yes"?>
<SharedFlow name="default">
    <!--Description>
    This SF checks if the Provided OAuth-Token is  and after that it verifies the Token in its Validation.
    Input: "Authorization" - Header(required);
    Output: "generic_oauth_invalid_token" - Error;
    </Description-->
    <Step>
        <Name>3-AM-AssignMessage-FlowName</Name>
    </Step>
    <Step>
        <Name>3-EV-ExtractAccessToken</Name>
    </Step>
    <Step>
        <Condition>((oauthtoken == null) or (oauthtoken == ''))</Condition>
        <Name>4-JS-InvalidAuthorizationHeader</Name>
    </Step>
    <Step>
        <!--Description>
        Verifies the Token in its Validation.
    </Description-->
        <Name>2-OA2-VerifyAccessToken</Name>
    </Step>
    <Step>
        <Name>3-KVMO-GetScopes</Name>
    </Step>
    <Step>
        <Name>3-KVMO-GetAllowedScopes</Name>
    </Step>
    <Step>
        <Name>4-JS-PerformScopeValidation</Name>
    </Step>
</SharedFlow>