<?xml version="1.0" encoding="UTF-8" standalone="yes"?>
<Manifest name="manifest">
    <Policies>
        <VersionInfo resourceName="3-AM-CORSAssignSimpleResponse" version="SHA-512:04dcd2e5a521be019d52b0763e05e4b5e42ed06aaeec84d80ba4800b4a6d74bd20d3b7b34c95ac7266d5bcb1cdff5b860a0e19c8675ae25853e99843b5d57377"/>
        <VersionInfo resourceName="3-EV-ExtractCORSList" version="SHA-512:7743cb6403c0edf77adcc13018e94d4977545f9c0a0454ab2808230daab32db60a2ad7a1e5ea47675942a8bb74b8ae5d05c77b06d8f43fc41a42879c19c633b4"/>
        <VersionInfo resourceName="3-KVMO-GetCORSList" version="SHA-512:90b244a7da2e36287ce8d95ffc2ef3676ef70608f1a15d20fa74e12fc49563bc00996cf9d9d6b96b733a4df61b2bbb2b1bb2170872d222aabf331711a15e8d6c"/>
        <VersionInfo resourceName="3-KVMO-GetDefaultCORSList" version="SHA-512:caa322f09e54dbdbec914201ac861e0d94c856d03530882d91ad6dd1248e57606fb88668ede7660cd63f223fda63f2ce59fa7440c73c6be9458fffe25d2a55d8"/>
        <VersionInfo resourceName="ProcessNetworkCorsSimpleRequest" version="SHA-512:ced018a4082030f96c7a73518369e57fb5b020460041802dd0d1ac6261285eee7eb775bf529635f04b7be474e05aa5680cf5df574d5fce4971d06f88b31960c9"/>
    </Policies>
    <ProxyEndpoints/>
    <Resources>
        <VersionInfo resourceName="jsc://ProcessNetworkCorsSimpleRequest/InvokePolicy.js" version="SHA-512:b4b5c9fe3d09198187aace28d7a6becc5db975b4ff62b2e0412e6418ccd705ede567ba98025400fe74502d8a4c70b49780b7c097bff308d762866e639194f814"/>
        <VersionInfo resourceName="jsc://ProcessNetworkCorsSimpleRequest/ProcessNetworkCorsSimpleRequest.js" version="SHA-512:66938759a490ad79ef7d7cd209a47107ca5c0cfc03fae0361e70bbdc6ee332d6102b804ac7e6b8d43a0ff686e89e4c420565edcf25c5c53046f4418c9c4e1ce9"/>
    </Resources>
    <SharedFlows>
        <VersionInfo resourceName="default" version="SHA-512:be87345aad6f1d2ac56798f0e9ca3d262f9d467bc2267a5f236a0fefa0d04e7565b21104abfe346872e3a2b2624cba4026c3289cba84058dea80d552904f8e62"/>
    </SharedFlows>
    <TargetEndpoints/>
</Manifest>
