<?xml version="1.0" encoding="UTF-8" standalone="yes"?>
<SharedFlowBundle revision="1" name="API_SharedFlow_GetResorcesBasedOnRole">
    <ConfigurationVersion majorVersion="4" minorVersion="0"/>
    <CreatedAt>1600253862315</CreatedAt>
    <CreatedBy>rohit.karadi@infosys.com</CreatedBy>
    <Description>Get all the resources which are accessible to roles</Description>
    <DisplayName>API_SharedFlow_GetResorcesBasedOnRole</DisplayName>
    <LastModifiedAt>1600253862315</LastModifiedAt>
    <LastModifiedBy>rohit.karadi@infosys.com</LastModifiedBy>
    <ManifestVersion>SHA-512:14db8b559fc0c67f4ebfc5b637e79527953807d0fd55f679dbfa9d03d160582a68ecd06680b904e3c4fb213b1f7f52f0a12f7dda672532cce1166d921bd2864b</ManifestVersion>
    <Policies>
        <Policy>JavaScript_Check_Authorized_Access</Policy>
        <Policy>Key_Value_Map_Operations_GetServices</Policy>
        <Policy>Verify_JWT_Token</Policy>
    </Policies>
    <Resources>
        <Resource>jsc://LoignUser_Resource_Validation.js</Resource>
    </Resources>
    <Spec></Spec>
    <subType>SharedFlow</subType>
    <SharedFlows>
        <SharedFlow>default</SharedFlow>
    </SharedFlows>
</SharedFlowBundle>
