<?xml version="1.0" encoding="UTF-8" standalone="yes"?>
<Manifest name="manifest">
    <Policies>
        <VersionInfo resourceName="3-AM-AssignMessage-FlowName" version="SHA-512:c7fd1cadfa9d1c396be2b50bcbaae1e9f4d9d6fe5f9a7579596a65ec8df9c9f9319afd7ef0071642f8f2d4460ab0ff64952d7162892a361c924f1f6558215b9f"/>
        <VersionInfo resourceName="3-KVMO-ExtractParams" version="SHA-512:c3dfee32201aec8030beb95cc45d1eda5802a4eddf43d3450eed15fb32b92286f17d1e8980651aa7576fd51e0f82b8979deb79b42bc43de12674ccf09d8ecff7"/>
        <VersionInfo resourceName="3-KVMO-ExtractParamsDefault" version="SHA-512:87ed681a128ba4a08e87fb20b9415fb1417dd81c6ec9791163b3f7e27208dc74a15276cf9fee92f1c9707f4825d7432e3779e7cee668631905bedf5866be6a7f"/>
        <VersionInfo resourceName="4-JS-CheckHeaders" version="SHA-512:a672f75923b7f56f27eba395248d532a399a46d1abe7a5dfeec2875691c5759ba68d7e736ba804cecb9e5c36339adcb0f4093135e0dcc59e7bf738d4efbef8db"/>
    </Policies>
    <ProxyEndpoints/>
    <Resources>
        <VersionInfo resourceName="jsc://CheckHeaders/CheckHeaders.js" version="SHA-512:c09ed8805f28f4eae826cfcdd6ddf7a7f3162da87ba24ad26714503fe1aa591ae12cfc7a643604f5f91e1a1c135cd3d7411ffb9bf57396f6afb1e8c4c3e6cfe3"/>
        <VersionInfo resourceName="jsc://CheckHeaders/InvokePolicy.js" version="SHA-512:fe6216181a27b007671d9d305ddd94292ff5bceeb67e85bf3a11afd9fbf6e4ddb7d887872f945c912114161b2351f77fe113b2c328d64da61db0f5fa8d194a38"/>
        <VersionInfo resourceName="spec://CheckHeadersSpec.js" version="SHA-512:4b12bba49ab670c56f8cf640016a98a869e491c7a78e32cc92e79a3e9125810fc04982040e2fa64f28f043c6d617ebb0f7ca53e4694b366f92733e01b721bcd4"/>
    </Resources>
    <SharedFlows>
        <VersionInfo resourceName="default" version="SHA-512:1b48940377fb52c491c07f8d8dec1fb4ae1fea355e8d7edc04654ea030da8f378f89c0bad029a9ee5d4a47ef024cf6c25466d4aeede0651beebe7c43a99b0b90"/>
    </SharedFlows>
    <TargetEndpoints/>
</Manifest>
