<?xml version="1.0" encoding="UTF-8" standalone="yes"?>
<Manifest name="manifest">
    <Policies>
        <VersionInfo resourceName="3-KVMO-GetTargetServers" version="SHA-512:5c109f791398eeefebf1e857226bcbdffdb9c2c701cb549159c70efc5e5b05233ae34bb474e5e6f2df65b805bbe23223bcd6f81239791985b021c1c5480ba60b"/>
        <VersionInfo resourceName="4-JS-RouteToTargetServer" version="SHA-512:eb10d00226f7acf2bebb6769933fc970c7a44fa982de21a605ac4e31ee35d7fc205712e0b5ccda2cc3be01f83268935460cfd0840bd37654d94a25dbaa3e29ef"/>
    </Policies>
    <ProxyEndpoints/>
    <Resources>
        <VersionInfo resourceName="jsc://RouteToTargetServer/InvokePolicy.js" version="SHA-512:c304bff885ab98100bbcb249fe746718a20e01d41b1a39b16cd3a24eed22660a101502848823664b11e91e835eeae7ac869af2645f33e469c3e87d034345b9da"/>
        <VersionInfo resourceName="jsc://RouteToTargetServer/RouteToTargetServer.js" version="SHA-512:7b97fe15ab9242a2bcafc00793fd6b0f6d00b5f58a4b14c9c28849b1a239017293e18c1a3a9c2999cda125df636cb08abb4c179727c39d5778d16e7f65b9b723"/>
        <VersionInfo resourceName="spec://RouteToTargetServerSpec.js" version="SHA-512:013229e43d0b8419fb7a73ed582923a8e8940a5a250590b8e13551d135e97b4205fa8636698b9dc9f09b2d5736f7a99142f0f0896f3d943ca909e89c4a8b3ae8"/>
    </Resources>
    <SharedFlows>
        <VersionInfo resourceName="default" version="SHA-512:254783f915f1deaa331006ee13294cfec4cb80391c900eecfa3f26986cc9823109ebb118587c438ff4525083d95485cd4b0b1707e5e58e52ffb80a14900d094d"/>
    </SharedFlows>
    <TargetEndpoints/>
</Manifest>
