<?xml version="1.0" encoding="UTF-8" standalone="yes"?>
<Manifest name="manifest">
    <Policies>
        <VersionInfo resourceName="Assign-Message-1" version="SHA-512:2022956a25df29533edcaf77b918a4dc6d1f4af4be0edef9ce85946c2a5bd088bc2a919d5c4dcc1a5c0797043af225e1a508b38b5f3fe0549da3e126c771d0f2"/>
    </Policies>
    <ProxyEndpoints/>
    <Resources/>
    <SharedFlows>
        <VersionInfo resourceName="default" version="SHA-512:9c18f43ba5cea6a914be8fc6e6d067cd8000cde6ef3286b48e1db885e5c88c8ffa590651e08c16d4dce5b9731ac01d79a815883e42541cc0b848896122387d6f"/>
    </SharedFlows>
    <TargetEndpoints/>
</Manifest>
