<?xml version="1.0" encoding="UTF-8" standalone="yes"?>
<RaiseFault async="false" continueOnError="false" enabled="true" name="3-RF-Raise-Fault">
    <DisplayName>3-RF-Raise Fault</DisplayName>
    <Properties/>
    <FaultResponse>
        <Set>
            <Headers/>
            <Payload contentType="application/json">
        {
    "fault": {
        "faultstring": "Invalid ApiSecret",
        "detail": {
            "errorcode": "oauth.v2.InvalidApiSecret"
        }
    }
}
    </Payload>
            <StatusCode>401</StatusCode>
            <ReasonPhrase>Unauthorized</ReasonPhrase>
        </Set>
    </FaultResponse>
    <IgnoreUnresolvedVariables>true</IgnoreUnresolvedVariables>
</RaiseFault>