<?xml version="1.0" encoding="UTF-8" standalone="yes"?>
<Quota async="false" continueOnError="false" enabled="true" name="1-Q-ApplyQuota">
    <DisplayName>1-Q-ApplyQuota</DisplayName>
    <Properties/>
    <Allow count="60" countRef="count"/>
    <Interval ref="interval">1</Interval>
    <TimeUnit ref="timeUnit">minute</TimeUnit>
    <Distributed>true</Distributed>
    <Synchronous>false</Synchronous>
    <AsynchronousConfiguration>
        <SyncIntervalInSeconds>10</SyncIntervalInSeconds>
    </AsynchronousConfiguration>
</Quota>