<?xml version="1.0" encoding="UTF-8" standalone="yes"?>
<SharedFlow name="default">
    <Step>
        <Name>3-EV-ExtractPingToken</Name>
    </Step>
    <Step>
        <Name>4-JS-CheckAuthHeader</Name>
    </Step>
    <Step>
        <Name>3-KVMO-GetPingConfig</Name>
    </Step>
    <Step>
        <Condition>private.pingConfig == null</Condition>
        <Name>3-KVMO-GetPingConfigDefault</Name>
    </Step>
    <Step>
        <Name>3-EV-ParsePingConfig</Name>
    </Step>
    <Step>
        <Name>4-SC-InvokePing</Name>
    </Step>
    <Step>
        <Name>4-JS-ParsePingResponse</Name>
    </Step>
</SharedFlow>