<?xml version="1.0" encoding="UTF-8" standalone="yes"?>
<Manifest name="manifest">
    <Policies>
        <VersionInfo resourceName="3-KVMO-ExtractParams" version="SHA-512:1a18b039886c1e5a834f587476eb173c9bf367637d6c20000d7be9e2a47b89076597c4a9abd26b0b5ffca55a80cd153610caad97a7e79cedbfbacade18e4f407"/>
        <VersionInfo resourceName="4-JS-CheckQueryParams" version="SHA-512:5ae4eccffd9d69cc1238742e82bc3c341e4e80c4bffb11dd700b2077dfdaabfe388d1a37ace6525e5df042f34eabb271c2a3da55822ef41d100c007836681389"/>
    </Policies>
    <ProxyEndpoints/>
    <Resources>
        <VersionInfo resourceName="jsc://.eslintrc.js" version="SHA-512:0c6335550a88ac535ad51ba4a4051ab3e903545af5b823da583ac1c86bb8530035bdc5bdf19c5d206087b377f1e694f2eaa819c7947556feb0f254dd1de782e4"/>
        <VersionInfo resourceName="jsc://CheckQueryParams/CheckQueryParams.js" version="SHA-512:df2f434b05cc3ecdfa1c8fb2479f41b34160ec0b9ca248da40724e4e31b5c80b2177b725293b65213d83f5999f20d15053bba4907f21a817d9de7bdc223c5fd6"/>
        <VersionInfo resourceName="jsc://CheckQueryParams/InvokePolicy.js" version="SHA-512:b3804976774b2f5fe7f75a5b45563da19eea3c2f3aee5dfd81839a69917dff4d93e9edd6f12e009bf49e647aee1668fc310066071963126f14f61e6df73b26b7"/>
        <VersionInfo resourceName="spec://CheckQueryParamsSpec.js" version="SHA-512:ea8d112ba8031b2aa42642b2a949c82f97ccad769fe32207812eed5141cd8fdc5a06e7f62a8b51bd02d764bca4802d107af47745a9b65f0432b0c9471ae4df2c"/>
    </Resources>
    <SharedFlows>
        <VersionInfo resourceName="default" version="SHA-512:d49699b11617ba5b4d8ecfc6787b33ebde2b7b9497516cdff5cb82e3045df1a1715079b6428e7dc81c974210a0edbca19ae94c5a7590e530881c2d9a821ec9fb"/>
    </SharedFlows>
    <TargetEndpoints/>
</Manifest>
