<?xml version="1.0" encoding="UTF-8" standalone="yes"?>
<Manifest name="manifest">
    <Policies>
        <VersionInfo resourceName="3-AM-FetchAdminFlag" version="SHA-512:4ae6a4a0bb2fef2101103f5ab07e06bffefdbda494c72992a49376e39da08873f613498486779884316d251c656e7f2ec2cba3753d093dbc6615b003440dd6ac"/>
        <VersionInfo resourceName="4-JS-AuthorizeRequest" version="SHA-512:c72e92f3423b6ee236ecc848d8b17877405051ae283e1294e10397439267287bc7a651e4f8fd6a821d51f93eed4fd5a0b6c94e38b993b75d99912e4221d92509"/>
    </Policies>
    <ProxyEndpoints/>
    <Resources>
        <VersionInfo resourceName="jsc://AuthorizeRequest.js" version="SHA-512:0c7a2fbd58e1b8104b53415d4aac3ded0c3a6b8dc94b5a16cc62d489042657828762a466b668065b88a698277e774298b13517c6cdbd067e4b9ece1fda0ee614"/>
    </Resources>
    <SharedFlows>
        <VersionInfo resourceName="default" version="SHA-512:4c7aee60bfd9f878cfaddcf00c32313e56f528c02aa43a364a85f46874263c8f41d94291466ba82692ce18bd7d7b93adbbe446a2801edfbaec0a2815f8fedea1"/>
    </SharedFlows>
    <TargetEndpoints/>
</Manifest>
