<?xml version="1.0" encoding="UTF-8" standalone="yes"?>
<SharedFlowBundle revision="1" name="0-SF-SetOutHeaders">
    <ConfigurationVersion majorVersion="4" minorVersion="0"/>
    <CreatedAt>1577947192480</CreatedAt>
    <CreatedBy>jayashree_r05@infosys.com</CreatedBy>
    <Description>
        This SF is setting outgoing headers to the backend.
        Input: N/A;
        Output: Dynamic Headers from KVM; </Description>
    <DisplayName>0-SF-SetOutHeaders</DisplayName>
    <LastModifiedAt>1577947192480</LastModifiedAt>
    <LastModifiedBy>jayashree_r05@infosys.com</LastModifiedBy>
    <ManifestVersion>SHA-512:aa14c21a531c38ac442d3b02a67769d52daab324d545cab14a45b2543fbf17923e306341e1bdaf2129f93b77a5e61eef8bc7bc5ab526b1c7202e76ac83a39b03:ap-northeast-1</ManifestVersion>
    <Policies>
        <Policy>3-EV-ExtractHeadersList</Policy>
        <Policy>3-KVMO-GetDefaultHeadersList</Policy>
        <Policy>3-KVMO-GetHeadersList</Policy>
        <Policy>4-JS-FilterOutHeaders</Policy>
        <Policy>4-JS-PropagateSBHeaders</Policy>
    </Policies>
    <Resources>
        <Resource>jsc://AccessHeadersSB/AccessHeadersPropagationSB.js</Resource>
        <Resource>jsc://AccessHeadersSB/invokePolicy.js</Resource>
        <Resource>jsc://AccessOutHeadersFilter/AccessOutHeadersFilter.js</Resource>
        <Resource>jsc://AccessOutHeadersFilter/invokePolicy.js</Resource>
        <Resource>spec://AccessHeadersSBSpec.js</Resource>
        <Resource>spec://AccessOutHeadersFilterSpec.js</Resource>
        <Resource>spec://support/jasmine.json</Resource>
    </Resources>
    <Spec></Spec>
    <subType>SharedFlow</subType>
    <SharedFlows>
        <SharedFlow>default</SharedFlow>
    </SharedFlows>
</SharedFlowBundle>
