<?xml version="1.0" encoding="UTF-8" standalone="yes"?>
<SharedFlow name="default">
    <Step>
        <FaultRules/>
        <Name>3-KVMO-GetHeadersList</Name>
    </Step>
	<Step>
        <FaultRules/>
		<Condition>(validationHeaderConfig == null)</Condition>
        <Name>3-KVMO-GetDefaultHeadersList</Name>
    </Step>
    <Step>
        <FaultRules/>
        <Name>3-EV-AssignStandardHeaders</Name>
    </Step>
    <Step>
        <FaultRules/>
        <Name>3-EV-ExtractHeadersList</Name>
    </Step>
    <Step>
        <FaultRules/>
        <Name>4-JS-HeadersPropagationNB</Name>
    </Step>
    <Step>
        <FaultRules/>
        <Name>4-JS-InHeadersFilter</Name>
    </Step>
</SharedFlow>
