<?xml version="1.0" encoding="UTF-8" standalone="yes"?>
<SharedFlowBundle revision="1" name="0-SF-InternalUserInfoResponse">
    <ConfigurationVersion majorVersion="4" minorVersion="0"/>
    <CreatedAt>1613370941657</CreatedAt>
    <CreatedBy>aishwarya.das@infosys.com</CreatedBy>
    <Description>TestSFForLearning</Description>
    <DisplayName>TestSFForLearning</DisplayName>
    <LastModifiedAt>1626194069686</LastModifiedAt>
    <LastModifiedBy>shreerangan_t@infosys.com</LastModifiedBy>
    <ManifestVersion>SHA-512:fac616d910122705986caec1f024b08716b80d71b2394bb880864432765f58ebdd98dc063f99631ef0fe9ec00c9fffc904d436435de017eed6cedf340dd737a6</ManifestVersion>
    <Policies>
        <Policy>1-LC-RetrieveJWKSFromCache</Policy>
        <Policy>1-PC-PopulateJWKSCache</Policy>
        <Policy>1-PC-PopulateUserInfoCache</Policy>
        <Policy>2-DJ-DecodeNBJWT</Policy>
        <Policy>2-VJ-VerifyJWT</Policy>
        <Policy>3-AM-HardcodeJWKS</Policy>
        <Policy>3-EV-ExtractJWKS</Policy>
        <Policy>3-KVMO-GetUserInfoParams</Policy>
        <Policy>3-RF-WSO2Fault</Policy>
        <Policy>4-JS-BuildCalloutURL</Policy>
        <Policy>4-JS-CalcCacheExpiry</Policy>
        <Policy>4-JS-CreateCachingJSON</Policy>
        <Policy>4-JS-CreateUnsignedJWT</Policy>
        <Policy>4-SC-AuthMicroSeriveCallout</Policy>
        <Policy>4-SC-JWKSServiceCallout</Policy>
        <Policy>4-SC-WSO2UserInfoCallOut</Policy>
    </Policies>
    <Resources>
        <Resource>jsc://BuildCalloutURL/BuildCalloutURL.js</Resource>
        <Resource>jsc://BuildCalloutURL/invokePolicy.js</Resource>
        <Resource>jsc://CalcCacheExpiry/CalcCacheExpiry.js</Resource>
        <Resource>jsc://CalcCacheExpiry/invokePolicy.js</Resource>
        <Resource>jsc://CreateCachingJSON/CreateCachingJSON.js</Resource>
        <Resource>jsc://CreateCachingJSON/invokePolicy.js</Resource>
        <Resource>jsc://CreateUnsignedJWT/CreateUnsignedJWT.js</Resource>
        <Resource>jsc://CreateUnsignedJWT/invokePolicy.js</Resource>
    </Resources>
    <Spec></Spec>
    <subType>SharedFlow</subType>
    <SharedFlows>
        <SharedFlow>default</SharedFlow>
    </SharedFlows>
</SharedFlowBundle>
