<?xml version="1.0" encoding="UTF-8" standalone="yes"?>
<SharedFlowBundle revision="2" name="SF-FilterRequestHeaders">
    <ConfigurationVersion majorVersion="4" minorVersion="0"/>
    <CreatedAt>1657694648140</CreatedAt>
    <CreatedBy>shrenikkumar_s@infosys.com</CreatedBy>
    <Description>Filters the request headers that need not be sent to the downstream system based on configuration</Description>
    <DisplayName>SF-FilterRequestHeaders</DisplayName>
    <LastModifiedAt>1657876134705</LastModifiedAt>
    <LastModifiedBy>shrenikkumar_s@infosys.com</LastModifiedBy>
    <ManifestVersion>SHA-512:0deb7cb6ed0a6bb12689af02bfda562caa4c02f37b55f1d4c0550b28a4a2bf11d07299d57f466e230b5e76adcc59f8c0907e4dc3a0bf12d2a1a647bd5925a2f6:ap-northeast-1</ManifestVersion>
    <Policies>
        <Policy>3-KVMO-GetFilterConfig</Policy>
        <Policy>3-KVMO-GetFilterConfigDefault</Policy>
        <Policy>4-JS-FilterRequestHeaders</Policy>
    </Policies>
    <Resources>
        <Resource>jsc://FilterRequestHeaders/FilterRequestHeaders.js</Resource>
        <Resource>jsc://FilterRequestHeaders/InvokePolicy.js</Resource>
    </Resources>
    <Spec></Spec>
    <subType>SharedFlow</subType>
    <SharedFlows>
        <SharedFlow>default</SharedFlow>
    </SharedFlows>
</SharedFlowBundle>
