<?xml version="1.0" encoding="UTF-8" standalone="yes"?>
<SharedFlow name="default">
    <Step>
        <Name>RemoveAuthorizationAndPath</Name>
    </Step>
    <Step>
        <Name>RetrieveBasicAuth</Name>
    </Step>
    <Step>
        <Name>RetrieveOAuthEndPointURI</Name>
    </Step>
    <Step>
        <Name>SetVariables</Name>
    </Step>
    <Step>
        <Name>GetAccessToken</Name>
    </Step>
    <Step>
        <Name>RetriveAccessToken</Name>
    </Step>
    <Step>
        <Name>AssignAccessToken</Name>
    </Step>
</SharedFlow>