<?xml version="1.0" encoding="UTF-8" standalone="yes"?>
<PopulateCache name="1-PC-PopulateUserInfoCache" enabled="true" continueOnError="false" async="false">
    <DisplayName>1-PC-PopulateUserInfoCache</DisplayName>
    <Properties/>
    <CacheKey>
        <KeyFragment ref="request.header.Authorization"/>
    </CacheKey>
    <CacheResource>eiot_userinfo_cache</CacheResource>
    <Scope>Global</Scope>
    <ExpirySettings>
        <TimeoutInSec ref="cacheExpiry"/>
    </ExpirySettings>
    <Source>userInfoResponse</Source>
</PopulateCache>