<?xml version="1.0" encoding="UTF-8" standalone="yes"?>
<PopulateCache name="1-PC-PopulateJWKSCache" async="false" continueOnError="false" enabled="true">
    <DisplayName>1-PC-PopulateJWKSCache</DisplayName>
    <Properties/>
    <CacheKey>
        <Prefix>eiot</Prefix>
        <KeyFragment ref="CacheSuffix"/>
    </CacheKey>
    <CacheResource>eiot_jwks_cache</CacheResource>
    <Scope>Global</Scope>
    <ExpirySettings>
        <TimeoutInSec ref="TTL"/>
    </ExpirySettings>
    <Source>JWKSResponse</Source>
</PopulateCache>