<?xml version="1.0" encoding="UTF-8" standalone="yes"?>
<RaiseFault name="3-RF-WSO2Fault" enabled="true" continueOnError="false" async="false">
    <DisplayName>3-RF-WSO2Fault</DisplayName>
    <Properties/>
    <FaultResponse>
        <Set>
            <Headers/>
            <StatusCode>{message.status.code}</StatusCode>
            <ReasonPhrase>{message.reason.phrase}</ReasonPhrase>
            <Payload>{ServiceCallout.response}</Payload>
        </Set>
    </FaultResponse>
    <IgnoreUnresolvedVariables>true</IgnoreUnresolvedVariables>
</RaiseFault>