<?xml version="1.0" encoding="UTF-8" standalone="yes"?>
<SharedFlowBundle revision="1" name="0-SF-HandleFaults">
    <ConfigurationVersion majorVersion="4" minorVersion="0"/>
    <CreatedAt>1577947007480</CreatedAt>
    <CreatedBy>jayashree_r05@infosys.com</CreatedBy>
    <Description>Shared method for handling faults</Description>
    <DisplayName>0-SF-HandleFaults</DisplayName>
    <LastModifiedAt>1577947007480</LastModifiedAt>
    <LastModifiedBy>jayashree_r05@infosys.com</LastModifiedBy>
    <ManifestVersion>SHA-512:62e8f999051172371d6d24257694b2b38c1f3d02ef40fbcada9f41fa8afaf4e61e87bf426367f50315c2dc89bebbddaff46de05fc7a98547aacf62adff69a875:ap-northeast-1</ManifestVersion>
    <Policies>
        <Policy>3-AM-ErrorResponseWithLink</Policy>
        <Policy>3-AM-ErrorResponseWithoutLink</Policy>
        <Policy>3-KVMO-GetCatalogLink</Policy>
        <Policy>4-JS-GenerateErrorVariables</Policy>
    </Policies>
    <Resources>
        <Resource>jsc://GenerateErrorVariables/GenerateErrorVariables.js</Resource>
        <Resource>jsc://GenerateErrorVariables/InvokePolicy.js</Resource>
        <Resource>spec://GenerateErrorSpec.js</Resource>
        <Resource>spec://support/jasmine.json</Resource>
    </Resources>
    <Spec></Spec>
    <subType>SharedFlow</subType>
    <SharedFlows>
        <SharedFlow>default</SharedFlow>
    </SharedFlows>
</SharedFlowBundle>
