<?xml version="1.0" encoding="UTF-8" standalone="yes"?>
<SharedFlow name="default">
    <Step>
        <Name>3-KVMO-ExtractAPISchema</Name>
    </Step>
    <Step>
        <Condition>(validationJsonSchemas == null)</Condition>
        <Name>3-KVMO-GetIncomingRequestSchemas</Name>
    </Step>
    <Step>
        <Name>3-EV-ExtractIncomingResponseSchema</Name>
    </Step>
    <Step>
        <Condition>(jsonSchemaResponse != Null)</Condition>
        <FaultRules/>
        <Name>4-JS-ValidateJSON</Name>
    </Step>
</SharedFlow>