<?xml version="1.0" encoding="UTF-8" standalone="yes"?>
<SharedFlowBundle revision="2" name="SF-CORS">
    <ConfigurationVersion majorVersion="4" minorVersion="0"/>
    <CreatedAt>1657891565217</CreatedAt>
    <CreatedBy>shrenikkumar_s@infosys.com</CreatedBy>
    <Description>Enables CORS for Preflight and Simple requests as applicable for web-browser calls</Description>
    <DisplayName>SF-CORS</DisplayName>
    <LastModifiedAt>1657893135663</LastModifiedAt>
    <LastModifiedBy>shrenikkumar_s@infosys.com</LastModifiedBy>
    <ManifestVersion>SHA-512:1d6bde421743c2bd5268998d39fd9f92c130d79dd262d31947c620d843ebaada694825ac706139ad8066ad7616bc159c3b4a5102fcd9ad0f34ef77ebc3d357e0:ap-northeast-1</ManifestVersion>
    <Policies>
        <Policy>3-CORS-Enable</Policy>
        <Policy>3-EV-ParseCORSConfig</Policy>
        <Policy>3-KVMO-GetCORSConfig</Policy>
        <Policy>3-KVMO-GetCORSConfigDefault</Policy>
    </Policies>
    <Resources/>
    <Spec></Spec>
    <subType>SharedFlow</subType>
    <SharedFlows>
        <SharedFlow>default</SharedFlow>
    </SharedFlows>
</SharedFlowBundle>
