<?xml version="1.0" encoding="UTF-8" standalone="yes"?>
<SharedFlowBundle revision="1" name="0-SF-Trafficmanagement">
    <ConfigurationVersion majorVersion="4" minorVersion="0"/>
    <CreatedAt>1601649664987</CreatedAt>
    <CreatedBy>vaibhav_pansari@infosys.com</CreatedBy>
    <Description>Test Shared Flow for controlling spike and quota</Description>
    <DisplayName>0-SF-Trafficmanagement</DisplayName>
    <LastModifiedAt>1601649664987</LastModifiedAt>
    <LastModifiedBy>vaibhav_pansari@infosys.com</LastModifiedBy>
    <ManifestVersion>SHA-512:a3400c4674aa8241acb46c27c8830971a55d120d302ea14aad0cecfed2947d975fe3e8f9e309324b00f6abf0a20ea117e238588f811407c50e351f7fe3e9c5f1:ap-northeast-1</ManifestVersion>
    <Policies/>
    <Resources/>
    <Spec></Spec>
    <subType>SharedFlow</subType>
    <SharedFlows>
        <SharedFlow>default</SharedFlow>
    </SharedFlows>
</SharedFlowBundle>
