<?xml version="1.0" encoding="UTF-8" standalone="yes"?>
<Manifest name="manifest">
    <Policies>
        <VersionInfo resourceName="4-JS-AccessTransactionId" version="SHA-512:9f9fbb4dfcaccef60d5520179cc28a17eecb97b27264060c34fcd4fb99078e92084c0ec5488b103a60712878cded6c0ea1c5eaa6e6acfc640b157bb3d9b311c0"/>
    </Policies>
    <ProxyEndpoints/>
    <Resources>
        <VersionInfo resourceName="jsc://AccessTransactionId/AccessTransactionId.js" version="SHA-512:0e77ad7b80d3270a7dece835fd4e11afc6090cf20a1f2d56becfcd162f054e96fd4a220cc07f34b4bb869712feb867a8389668472a8ffccf867c25a6b5f32883"/>
        <VersionInfo resourceName="jsc://AccessTransactionId/InvokePolicy.js" version="SHA-512:92ccef5279fc36a1a085300a88fecd641a7bb2c22b27e2a7018cf52d508d20c6a0b0fce390ce38772e832491c890291d64c5e7eeb26ccddb2c7da68988d40a72"/>
        <VersionInfo resourceName="spec://CheckTransactionIdSpec.js" version="SHA-512:14b283f2d367ee2771521d1eb7f3db235e3bc616aeead79d85d8b2b1da46347fee474457f7f82532ecde53d16e1361aa9ba214cc9e8f235a0ff8177bfc2c1d2f"/>
        <VersionInfo resourceName="spec://support/jasmine.json" version="SHA-512:d9ae9690184b9bf3ff7053b2a057c1264941beb713427fb22a378eca16d1b3731a9d2a97c143b8921ec8ed36c1d972720e0e849c6e40ea8a5d7310c959ac2e52"/>
    </Resources>
    <SharedFlows>
        <VersionInfo resourceName="default" version="SHA-512:84bc18c1d42de7505118fea1b31be6a276b01c74d4580c499b801fb8b70f0c0ad8fb75676fdbb705efced9e6a3c49e8b92ea958ff221ee9ad5cab4ba8c527e74"/>
    </SharedFlows>
    <TargetEndpoints/>
</Manifest>
