<?xml version="1.0" encoding="UTF-8" standalone="yes"?>
<SharedFlowBundle revision="1" name="0-SF-FilterResponseHeadres">
    <ConfigurationVersion majorVersion="4" minorVersion="0"/>
    <CreatedAt>1577946979455</CreatedAt>
    <CreatedBy>jayashree_r05@infosys.com</CreatedBy>
    <Description>
        This SF is setting outgoing headers to the backend.
        Input: N/A;
        Output: Dynamic Headers from KVM; </Description>
    <DisplayName>0-SF-SetOutHeaders</DisplayName>
    <LastModifiedAt>1578383554398</LastModifiedAt>
    <LastModifiedBy>jayashree_r05@infosys.com</LastModifiedBy>
    <ManifestVersion>SHA-512:c1abd1d48c2a03d6499784ba64f573f33010c6f8493f1990f62b65967eac38ac6103964574dbfcff69ab78933bcd4055b2496e52868017d90aa5ce4eed52d997:ap-northeast-1</ManifestVersion>
    <Policies>
        <Policy>3-EV-ExtractHeadersList</Policy>
        <Policy>3-KVMO-GetDefaultHeadersList</Policy>
        <Policy>3-KVMO-GetHeadersList</Policy>
        <Policy>4-JS-FilterOutHeaders</Policy>
        <Policy>4-JS-PropagateSBHeaders</Policy>
    </Policies>
    <Resources>
        <Resource>jsc://AccessHeadersSB/AccessHeadersPropagationSB.js</Resource>
        <Resource>jsc://AccessHeadersSB/invokePolicy.js</Resource>
        <Resource>jsc://AccessOutHeadersFilter/AccessOutHeadersFilter.js</Resource>
        <Resource>jsc://AccessOutHeadersFilter/invokePolicy.js</Resource>
        <Resource>spec://AccessHeadersSBSpec.js</Resource>
        <Resource>spec://AccessOutHeadersFilterSpec.js</Resource>
        <Resource>spec://support/jasmine.json</Resource>
    </Resources>
    <Spec></Spec>
    <subType>SharedFlow</subType>
    <SharedFlows>
        <SharedFlow>default</SharedFlow>
    </SharedFlows>
</SharedFlowBundle>
