<?xml version="1.0" encoding="UTF-8" standalone="yes"?>
<AccessControl async="false" continueOnError="false" enabled="true" name="2-AC-RestrictAccess">
    <DisplayName>2-AC-RestrictAccess</DisplayName>
    <Properties/>
    <IPRules noRuleMatchAction="DENY">
        <MatchRule action="ALLOW">
            <SourceAddress mask="{mask0}">{iPConfig0}</SourceAddress>
            <SourceAddress mask="{mask1}">{iPConfig1}</SourceAddress>
            <SourceAddress mask="{mask2}">{iPConfig2}</SourceAddress>
            <SourceAddress mask="{mask3}">{iPConfig3}</SourceAddress>
        </MatchRule>
    </IPRules>
</AccessControl>