<?xml version="1.0" encoding="UTF-8" standalone="yes"?>
<KeyValueMapOperations async="false" continueOnError="false" enabled="true" name="3-KVMO-GetIPConfig" mapIdentifier="SF-IPWhitelisting">
    <DisplayName>3-KVMO-GetIPConfig</DisplayName>
    <Properties/>
    <ExclusiveCache>false</ExclusiveCache>
    <ExpiryTimeInSecs>300</ExpiryTimeInSecs>
    <InitialEntries>
        <Entry>
            <Key>
                <Parameter>MSA-EmployeeManagement</Parameter>
            </Key>
            <Value>{ "IP_1": { "Mask": "32", "IP": "193.38.82.36" }, "IP_2": { "Mask": "24", "IP": "148.64.7.103" }, "IP_3": { "Mask": "16", "IP": "122.167.203.77" }, "IP_4": { "Mask": "8", "IP": "152.1.1.1" } }</Value>
        </Entry>
        <Entry>
            <Key>
                <Parameter>Default</Parameter>
            </Key>
            <Value>{ "IP_1": { "Mask": "32", "IP": "193.38.82.36" }, "IP_2": { "Mask": "24", "IP": "148.64.12.80" }, "IP_3": { "Mask": "16", "IP": "122.167.203.77" }, "IP_4": { "Mask": "8", "IP": "152.1.1.1" } }</Value>
        </Entry>
    </InitialEntries>
    <Get assignTo="private.iPConfig">
        <Key>
            <Parameter ref="apiproxy.name"/>
        </Key>
    </Get>
    <Scope>environment</Scope>
</KeyValueMapOperations>