<?xml version="1.0" encoding="UTF-8" standalone="yes"?>
<ExtractVariables async="false" continueOnError="false" enabled="true" name="3-EV-ParseQuotaConfig">
    <DisplayName>3-EV-ParseQuotaConfig</DisplayName>
    <Properties/>
    <JSONPayload>
        <Variable name="enabled">
            <JSONPath>$.enabled</JSONPath>
        </Variable>
        <Variable name="count">
            <JSONPath>$.count</JSONPath>
        </Variable>
        <Variable name="interval">
            <JSONPath>$.interval</JSONPath>
        </Variable>
        <Variable name="timeUnit">
            <JSONPath>$.timeUnit</JSONPath>
        </Variable>
    </JSONPayload>
    <IgnoreUnresolvedVariables>true</IgnoreUnresolvedVariables>
    <Source clearPayload="false">private.quotaConfig</Source>
</ExtractVariables>