<?xml version="1.0" encoding="UTF-8" standalone="yes"?>
<KeyValueMapOperations async="false" continueOnError="false" enabled="true" name="3-KVMO-GetQuotaConfig" mapIdentifier="SF-QuotaRateLimiting">
    <DisplayName>3-KVMO-GetQuotaConfig</DisplayName>
    <Properties/>
    <ExclusiveCache>false</ExclusiveCache>
    <ExpiryTimeInSecs>300</ExpiryTimeInSecs>
    <InitialEntries>
        <Entry>
            <Key>
                <Parameter>MSA-EmployeeManagement</Parameter>
            </Key>
            <Value>{ "enabled": true, "count": 60, "interval": 1, "timeUnit": "minute" }</Value>
        </Entry>
        <Entry>
            <Key>
                <Parameter>Default</Parameter>
            </Key>
            <Value>{ "enabled": true, "count": 60, "interval": 1, "timeUnit": "minute" }</Value>
        </Entry>
    </InitialEntries>
    <Get assignTo="private.quotaConfig">
        <Key>
            <Parameter ref="apiproxy.name"/>
        </Key>
    </Get>
    <Scope>environment</Scope>
</KeyValueMapOperations>