<?xml version="1.0" encoding="UTF-8" standalone="yes"?>
<SharedFlowBundle revision="4" name="SF-ErrorHandling">
    <ConfigurationVersion majorVersion="4" minorVersion="0"/>
    <CreatedAt>1644381203700</CreatedAt>
    <CreatedBy>benit.jose@infosys.com</CreatedBy>
    <Description>Error Handling common framework that takes care of all the errors created in Apigee and errors propagated from downstream systems</Description>
    <DisplayName>SF-ErrorHandling</DisplayName>
    <LastModifiedAt>1657877000979</LastModifiedAt>
    <LastModifiedBy>shrenikkumar_s@infosys.com</LastModifiedBy>
    <ManifestVersion>SHA-512:951369c631166e0b4e6769ff537ae7740d867ec976fd334f0f7e64045279e940e13675d902252bdcd8ffa3820aee51196b2e91524f3e9a3e0fe698a5e01ccbb9:ap-northeast-1</ManifestVersion>
    <Policies>
        <Policy>4-JS-PopulateErrorResponse</Policy>
    </Policies>
    <Resources>
        <Resource>jsc://PopulateErrorResponse/InvokePolicy.js</Resource>
        <Resource>jsc://PopulateErrorResponse/PopulateErrorResponse.js</Resource>
    </Resources>
    <Spec></Spec>
    <subType>SharedFlow</subType>
    <SharedFlows>
        <SharedFlow>default</SharedFlow>
    </SharedFlows>
</SharedFlowBundle>
