<?xml version="1.0" encoding="UTF-8" standalone="yes"?>
<PopulateCache async="false" continueOnError="false" enabled="true" name="PopulateDeveloperAppOrgCache">
    <DisplayName>PopulateDeveloperAppOrgCache</DisplayName>
    <CacheKey>
        <Prefix>devApp</Prefix>
        <KeyFragment ref="client_id"/>
    </CacheKey>
    <CacheResource>session-cache</CacheResource>
    <Scope>Global</Scope>
    <ExpirySettings>
        <TimeoutInSec ref="populateDevAppOrgCache"/>
    </ExpirySettings>
    <Source>AccessEntity.getDeveloperAppProfile</Source>
</PopulateCache>