<?xml version="1.0" encoding="UTF-8" standalone="yes"?>
<SharedFlow name="default">
    <Step>
        <Name>LookupDeveloperAppOrgCache</Name>
    </Step>
    <Step>
        <Condition>(developerAppProfile == null)</Condition>
        <Name>getDeveloperAppProfile</Name>
    </Step>
    <Step>
        <Condition>(AccessEntity.getDeveloperAppProfile == null) and (developerAppProfile == null)</Condition>
        <Name>AssignGenericDeveloperProfileAccessError</Name>
    </Step>
    <Step>
        <Condition>(lookupcache.LookupDeveloperAppOrgCache.cachehit == false)</Condition>
        <Name>PopulateDeveloperAppOrgCache</Name>
    </Step>
</SharedFlow>