<?xml version="1.0" encoding="UTF-8" standalone="yes"?>
<SharedFlowBundle revision="1" name="SF-AuthorizeRequest">
    <ConfigurationVersion majorVersion="4" minorVersion="0"/>
    <CreatedAt>1658810060696</CreatedAt>
    <CreatedBy>shrenikkumar_s@infosys.com</CreatedBy>
    <Description>Authorizes the requested based on the header AdminFlag</Description>
    <DisplayName>SF-AuthorizeRequest</DisplayName>
    <LastModifiedAt>1658812307769</LastModifiedAt>
    <LastModifiedBy>shrenikkumar_s@infosys.com</LastModifiedBy>
    <ManifestVersion>SHA-512:c641ab32d5d8fbc6f97c15c6b6125b4db49f4dc6585cca2902337c17644d1c72618b2c10ef70e54a8a9d0515a3d0962e3b9a692389c75a66aa9758d51455d4db:ap-northeast-1</ManifestVersion>
    <Policies>
        <Policy>3-AM-FetchAdminFlag</Policy>
        <Policy>4-JS-AuthorizeRequest</Policy>
    </Policies>
    <Resources>
        <Resource>jsc://AuthorizeRequest.js</Resource>
    </Resources>
    <Spec></Spec>
    <subType>SharedFlow</subType>
    <SharedFlows>
        <SharedFlow>default</SharedFlow>
    </SharedFlows>
</SharedFlowBundle>
