<?xml version="1.0" encoding="UTF-8" standalone="yes"?>
<SharedFlowBundle revision="3" name="SF-IPWhitelisting">
    <ConfigurationVersion majorVersion="4" minorVersion="0"/>
    <CreatedAt>1657716371489</CreatedAt>
    <CreatedBy>shrenikkumar_s@infosys.com</CreatedBy>
    <Description>Applies IP based whitelisting and restriction, allows calls from whitelisted IPs only</Description>
    <DisplayName>SF-IPWhitelisting</DisplayName>
    <LastModifiedAt>1658842297774</LastModifiedAt>
    <LastModifiedBy>shrenikkumar_s@infosys.com</LastModifiedBy>
    <ManifestVersion>SHA-512:5fd995a9d96931be3b2478768b44e7362290147706ea354b3733941aacadb69de11a0c6daeaf76d6ac0568eac8aa4cf81290abb90dfeb8ea336bede7bc10e250:ap-northeast-1</ManifestVersion>
    <Policies>
        <Policy>2-AC-RestrictAccess</Policy>
        <Policy>3-KVMO-GetIPConfig</Policy>
        <Policy>3-KVMO-GetIPConfigDefault</Policy>
        <Policy>4-JS-ParseIPConfig</Policy>
    </Policies>
    <Resources/>
    <Spec></Spec>
    <subType>SharedFlow</subType>
    <SharedFlows>
        <SharedFlow>default</SharedFlow>
    </SharedFlows>
</SharedFlowBundle>
