<?xml version="1.0" encoding="UTF-8" standalone="yes"?>
<ExtractVariables async="false" continueOnError="false" enabled="false" name="3-EV-ExtractIncomingRequestSchema">
    <DisplayName>3-EV-ExtractIncomingRequestSchema</DisplayName>
    <IgnoreUnresolvedVariables>true</IgnoreUnresolvedVariables>
    <Source clearPayload="false">validationJsonSchemas</Source>
    <JSONPayload>
        <Variable name="jsonSchema">
            <JSONPath>$.{proxy.pathsuffix}.{message.verb}</JSONPath>
        </Variable>
    </JSONPayload>
</ExtractVariables>