<?xml version="1.0" encoding="UTF-8" standalone="yes"?>
<StatisticsCollector name="4-STC-CustomDimensions" enabled="true" continueOnError="false" async="false">
    <DisplayName>4-STC-CustomDimensions</DisplayName>
    <FaultRules/>
    <Properties/>
    <Statistics>
        <Statistic type="string" name="transactionId" ref="trace.transaction.id"/>
        <Statistic type="string" name="APIName" ref="apiproxy.name"/>
        <Statistic type="string" name="APICategory" ref="apiCategory"/>
    </Statistics>
</StatisticsCollector>