<?xml version="1.0" encoding="UTF-8" standalone="yes"?>
<SharedFlowBundle revision="1" name="0-SF-CheckTransactionId">
    <ConfigurationVersion majorVersion="4" minorVersion="0"/>
    <CreatedAt>1577946912328</CreatedAt>
    <CreatedBy>jayashree_r05@infosys.com</CreatedBy>
    <Description>Manages incoming headers, e.g. set transaction id based on its associated header if present</Description>
    <DisplayName>0-SF-CheckTransactionId</DisplayName>
    <LastModifiedAt>1577946912328</LastModifiedAt>
    <LastModifiedBy>jayashree_r05@infosys.com</LastModifiedBy>
    <ManifestVersion>SHA-512:7486a8e7e8182988a69abb81d5328dda668ed1f5f96847c12f25b53e44831c854d9e75cd788ee2e7a52346790cbac1847893af3e0a61bdbb2ef09c35a8933931:ap-northeast-1</ManifestVersion>
    <Policies>
        <Policy>4-JS-AccessTransactionId</Policy>
    </Policies>
    <Resources>
        <Resource>jsc://AccessTransactionId/AccessTransactionId.js</Resource>
        <Resource>jsc://AccessTransactionId/InvokePolicy.js</Resource>
        <Resource>spec://CheckTransactionIdSpec.js</Resource>
        <Resource>spec://support/jasmine.json</Resource>
    </Resources>
    <Spec></Spec>
    <subType>SharedFlow</subType>
    <SharedFlows>
        <SharedFlow>default</SharedFlow>
    </SharedFlows>
</SharedFlowBundle>
