<?xml version="1.0" encoding="UTF-8" standalone="yes"?>
<Manifest name="manifest">
    <Policies>
        <VersionInfo resourceName="4-JS-LoggingContent" version="SHA-512:7f21fa945d7f219f38dfa9601dfa15b37eebf783ce0c29f02646a1f42ac96bd89a7dca356c0606188c4c7403b2de7caf5cbea9644b2143a4022f45469f6964cb"/>
        <VersionInfo resourceName="4-ML-WriteLog" version="SHA-512:94a64276f03a30232481cb3fc8271bbb47e204e1980b2324fe820cc0b002cc4524104429fbb78b523ecc3ecea559fc71d9d4cbc3c5b281346937edbdaf41ce1d"/>
    </Policies>
    <ProxyEndpoints/>
    <Resources>
        <VersionInfo resourceName="jsc://LoggingContent/LoggingContent.js" version="SHA-512:089cf1437cccfdcf41d92c7a7a8fa7a3f02aae0c47090d920be5932c9ae91ec3b98234edb91403a2575ed87891c180a12f5a191a565fa7c93a435aa8bab20a16"/>
        <VersionInfo resourceName="jsc://LoggingContent/invokePolicy.js" version="SHA-512:2532691a8cd5848bdead13d563703e98c3aba2b057785f259419b798399b411fd68950e77e366e8ea287174d7a4239f075be5df2b0bba798be73a673f0795080"/>
        <VersionInfo resourceName="spec://LoggingULFFContentSpec.js" version="SHA-512:8399d75d38a37e634c471d3619a7fcd108031a621955e434c9bcdd2ada5e5e9a304d9acc21f228740aff71ee2886a5b13902c1ec550e89715c857822084b4a11"/>
    </Resources>
    <SharedFlows>
        <VersionInfo resourceName="default" version="SHA-512:1c5e7b945a39ffe3b94c1ebc29f783fbe9b8cd6a3898e5bcb534cfa46cae0865e68a5cb09b12c6021840c6a53b8739efe179d9e4f5bfadf4a97b8688e09d8fad"/>
    </SharedFlows>
    <TargetEndpoints/>
</Manifest>
