<?xml version="1.0" encoding="UTF-8" standalone="yes"?>
<KeyValueMapOperations async="false" continueOnError="false" enabled="true" name="3-KVMO-GetPingConfig" mapIdentifier="SF-ValidatePingOAuthToken">
    <DisplayName>3-KVMO-GetPingConfig</DisplayName>
    <Properties/>
    <ExclusiveCache>false</ExclusiveCache>
    <ExpiryTimeInSecs>300</ExpiryTimeInSecs>
    <InitialEntries>
        <Entry>
            <Key>
                <Parameter>MSA-EmployeeManagement</Parameter>
            </Key>
            <Value>{ "whitelisted_client_apps": "App1, VM APP", "ping_host": "mocktarget.apigee.net", "ping_path": "json", "ping_client_id": "qLEz6YcuiJAVKHb25xhcDSWLyfZRGhd9", "ping_client_secret": "nLMxFAajKC5vjGm1" }</Value>
        </Entry>
        <Entry>
            <Key>
                <Parameter>Default</Parameter>
            </Key>
            <Value>{ "whitelisted_client_apps": "App1, VM APP", "ping_host": "mocktarget.apigee.net", "ping_path": "json", "ping_client_id": "qLEz6YcuiJAVKHb25xhcDSWLyfZRGhd9", "ping_client_secret": "nLMxFAajKC5vjGm1" }</Value>
        </Entry>
    </InitialEntries>
    <Get assignTo="private.pingConfig">
        <Key>
            <Parameter ref="apiproxy.name"/>
        </Key>
    </Get>
    <Scope>environment</Scope>
</KeyValueMapOperations>