<?xml version="1.0" encoding="UTF-8" standalone="yes"?>
<ServiceCallout async="false" continueOnError="false" enabled="true" name="4-SC-InvokePing">
    <DisplayName>4-SC-InvokePing</DisplayName>
    <Properties/>
    <Request clearPayload="true" variable="pingRequest">
        <IgnoreUnresolvedVariables>false</IgnoreUnresolvedVariables>
        <Set>
            <QueryParams>
                <QueryParam name="token">{pingToken}</QueryParam>
            </QueryParams>
            <FormParams>
                <FormParam name="client_id">{private.ping_client_id}</FormParam>
                <FormParam name="client_secret">{private.ping_client_secret}</FormParam>
            </FormParams>
        </Set>
    </Request>
    <Response>pingResponse</Response>
    <HTTPTargetConnection>
        <Properties/>
        <URL>https://{ping_host}/{ping_path}</URL>
    </HTTPTargetConnection>
</ServiceCallout>