<?xml version="1.0" encoding="UTF-8" standalone="yes"?>
<AssignMessage async="false" continueOnError="false" enabled="true" name="3-AM-ErrorResponseWithLink">
    <DisplayName>3-AM-ErrorResponseWithLink</DisplayName>
    <Set>
        <Headers>
            <Header name="Content-Type">application/json</Header>
            <Header name="Cache-Control">no-store</Header>
            <Header name="Date">{dateForFault}</Header>
            <Header name="Expires">{dateForFault}</Header>
            <Header name="Pragma">no-cache</Header>
            <Header name="trace-transaction-id">{trace.transaction.id}</Header>
            <Header name="INT_STATUS_FLOW">failure</Header>
            <Header name="INT_TRACK_ID">{apiproxy.name}</Header>
        </Headers>
        <Payload contentType="application/json" variablePrefix="@" variableSuffix="#">
			{
			"links": {
			"help": {
			"href": "@api_help_link#"
			}
			},
			"message": "@errMessage#",
			"description": "@description#",
			"error": "@errMessage#",
			"transactionId": "@trace.transaction.id#"
			}
		</Payload>
        <StatusCode>{statusCode}</StatusCode>
        <ReasonPhrase>{reasonPhrase}</ReasonPhrase>
    </Set>
    <IgnoreUnresolvedVariables>true</IgnoreUnresolvedVariables>
</AssignMessage>