<?xml version="1.0" encoding="UTF-8" standalone="yes"?>
<Manifest name="manifest">
    <Policies>
        <VersionInfo resourceName="4-JS-GenerateCorrelationId" version="SHA-512:9f49a16bce70d7eb27e3eaf826b4e1fa10b57d9ac5d02ab394a33bfd04ba9b6b2714dcf95461356b291a6916d6bf5b750ae9b5416246ad13397f307d9a9fd592"/>
    </Policies>
    <ProxyEndpoints/>
    <Resources>
        <VersionInfo resourceName="jsc://GenerateCorrelationId/GenerateCorrelationId.js" version="SHA-512:dce50c817b7110aff5173edcaa95609113610669dd21997826d23a315c001ed0ac5cf168288416a3d91de8459dc9c2e98e5b3066aecdb3792ff7cdb44be0ce5d"/>
        <VersionInfo resourceName="jsc://GenerateCorrelationId/InvokePolicy.js" version="SHA-512:d489e5d4441542bcca613418569f75d136fced3b4a8699238e01fcd65e65a6a7be81c959be79356d8dba18faf7c24f6b7af7f9cc96b7e99265e21b93a3046f2f"/>
    </Resources>
    <SharedFlows>
        <VersionInfo resourceName="default" version="SHA-512:a1d2f7c2840441acc925157e6d71fd2fb221faafba5efbfbb40278a061e66915cfe1d7eb9a7b4beb92fe9f6e19aa94aa8f0a7c62522fea0a646b7468bcb9b716"/>
    </SharedFlows>
    <TargetEndpoints/>
</Manifest>
