<?xml version="1.0" encoding="UTF-8" standalone="yes"?>
<Manifest name="manifest">
    <Policies>
        <VersionInfo resourceName="3-EV-ExtractIncomingRequestSchema" version="SHA-512:b5fcee431d2c0ff4b8b15a49a816eaf5fdf2052df522cea59f5f13e0f39bd8bf589c5ab899c1255904db8deb48f43ecf361789b0ef107e3a49771e7fa83232ec"/>
        <VersionInfo resourceName="3-KVMO-ExtractAPISchema" version="SHA-512:d9f714ea7b8388dca64360e763f98b970ce1b0a061fb0d76a2907bbbf766253b5bafec70dcf4e1a3847ce08d7217fa2c9bcb32c8c3dbf040156fb20ef6a19ea3"/>
        <VersionInfo resourceName="3-KVMO-GetIncomingRequestSchemas" version="SHA-512:bbd23e40f899f5e9ea037600bf6114b76975bbcdece5052117bf80678ef14ef0ad1e542bdd6ca83e7896131f0803a370b7e9360447e67f3e2c7fcb82f4ecc087"/>
        <VersionInfo resourceName="4-JS-ValidateJSON" version="SHA-512:e2ca7489b7d1e66d9fee26ccbf85244f9b24e33cd3b5d144c74d5484399a9a6dedc8c6ab23b8b4c8e9997be26575c4d826bb9e8832c2a9e8dfa3c8b8fed21196"/>
    </Policies>
    <ProxyEndpoints/>
    <Resources>
        <VersionInfo resourceName="jsc://ValidateJSON/InvokePolicy.js" version="SHA-512:cb5ee8e3299cfaa54e8597dafb7a57a3771c5f8b2cf552d09f1646ca19bbe617fbcf6631571957757a549f99b4b22e427d1bc99fd0229c60a9cb37fef98d1f9d"/>
        <VersionInfo resourceName="jsc://ValidateJSON/ValidateJSON.js" version="SHA-512:da4c9f83e85cd150ef7120eb3e08437c057a1acedfb8720ba5c3a9f7aafabe1e2efa63258c49da34c06e808f19c896faefc2e0017ea337f9bf9bd4f387149457"/>
        <VersionInfo resourceName="jsc://ValidateJSON/tv4.js" version="SHA-512:7a7b2e124bb1d210832752ea92515f1de07e93a9f60c4d150fb346abc214d68559a8d97c356a03e93220f9ec082fc879e85f0e81c38873ad4b281196b916d43b"/>
        <VersionInfo resourceName="spec://ValidateJSONRequestSpec.js" version="SHA-512:7dea3e419081ced44b87917fcf17a1e625061cdc89489bd82f7b31d965c32d4dd94c3628920eb08b3517d791d81b357586f2385a6431c19200eade78701c3c44"/>
    </Resources>
    <SharedFlows>
        <VersionInfo resourceName="default" version="SHA-512:7df816895523d06438a7f0007f2dffeaa021e07f937c8d7ae29fdbe7c90121365574063552a7dee1b6792471ffb8815f8a78123c68b8d8179f82b62f602c3c62"/>
    </SharedFlows>
    <TargetEndpoints/>
</Manifest>
