<?xml version="1.0" encoding="UTF-8" standalone="yes"?>
<AssignMessage async="false" continueOnError="false" enabled="true" name="3-EV-AssignStandardHeaders">
    <DisplayName>3-EV-AssignStandardHeaders</DisplayName>
    <FaultRules/>
    <Properties/>
    <AssignVariable>
        <Name>INT_TRACE_ID_req</Name>
        <Ref>request.header.INT_TRACE_ID</Ref>
    </AssignVariable>
    <AssignVariable>
        <Name>transactionId_req</Name>
        <Ref>request.header.transactionId</Ref>
    </AssignVariable>
    <AssignVariable>
        <Name>correlationId_req</Name>
        <Ref>request.header.correlationId</Ref>
    </AssignVariable>
    <AssignVariable>
        <Name>INT_CALLER_ID_req</Name>
        <Ref>request.header.INT_CALLER_ID</Ref>
    </AssignVariable>
    <AssignVariable>
        <Name>EXT_TRACE_ID_req</Name>
        <Ref>request.header.EXT_TRACE_ID</Ref>
    </AssignVariable>
    <AssignVariable>
        <Name>EXT_REFERENCE_ID_req</Name>
        <Ref>request.header.EXT_REFERENCE_ID</Ref>
    </AssignVariable>
    <AssignVariable>
        <Name>EXT_BP_ID_req</Name>
        <Ref>request.header.EXT_BP_ID</Ref>
    </AssignVariable>
    <IgnoreUnresolvedVariables>true</IgnoreUnresolvedVariables>
</AssignMessage>