<?xml version="1.0" encoding="UTF-8" standalone="yes"?>
<ExtractVariables async="false" continueOnError="false" enabled="true" name="3-EV-ExtractHeadersList">
    <DisplayName>3-EV-ExtractHeadersList</DisplayName>
    <FaultRules/>
    <Properties/>
    <IgnoreUnresolvedVariables>true</IgnoreUnresolvedVariables>
    <JSONPayload>
        <Variable name="validation_in_headers">
            <JSONPath>$.VALIDATION_IN_HEADERS</JSONPath>
        </Variable>
    </JSONPayload>
    <Source clearPayload="false">validationHeaderConfig</Source>
</ExtractVariables>