<?xml version="1.0" encoding="UTF-8" standalone="yes"?>
<SharedFlow name="default">
    <Step>
        <Name>3-KVMO-GetSpikeArrest</Name>
    </Step>
    <Step>
        <Condition>(trafficManagementConfig == null)</Condition>
        <Name>3-KVMO-GetDefaultSpikeArrest</Name>
    </Step>
    <Step>
        <Name>3-EV-ExtractEnabled</Name>
    </Step>
    <Step>
        <Name>3-EV-ExtractSpikeArrest</Name>
    </Step>
    <Step>
        <Condition>(spike_arrest_enabled == true)</Condition>
        <Name>1-SA-ThrottlingSpikeArrest</Name>
    </Step>
</SharedFlow>