<?xml version="1.0" encoding="UTF-8" standalone="yes"?>
<AssignMessage async="false" continueOnError="false" enabled="true" name="Api_AssignMessage_XMLErrorPayload">
    <DisplayName>Api_AssignMessage_XMLErrorPayload</DisplayName>
    <Properties/>
    <Set>
        <Headers>
            <Header name="Content-Type">{ws.responsecontenttype}</Header>
        </Headers>
        <Payload variablePrefix="@" variableSuffix="#">
            &lt;Fault xmlns:hb="http://soa.com/binding/http" xmlns="http://soa.com/binding/http"&gt;
                        &lt;faultcode&gt;hb:Server&lt;/faultcode&gt;
                        &lt;faultstring&gt;@ws.fault.message#&lt;/faultstring&gt;
            &lt;/Fault&gt;
        </Payload>
        <StatusCode>{ws.statuscode}</StatusCode>
    </Set>
    <AssignVariable>
        <Name>ws.fault.code</Name>
        <Value>hb:Server</Value>
    </AssignVariable>
    <IgnoreUnresolvedVariables>true</IgnoreUnresolvedVariables>
</AssignMessage>