<?xml version="1.0" encoding="UTF-8" standalone="yes"?>
<Manifest name="manifest">
    <Policies>
        <VersionInfo resourceName="0-FC-InternalUserInfoCallout" version="SHA-512:ffa18e11b334071bd4ea3a0127b0d70a43394ee6e1e48018b04dea34b74bd73e658c6b7814ed5d488fc330c0c435f109fc87b5b8057f633f4d0e47bf74538575"/>
        <VersionInfo resourceName="1-LC-RetrieveUserInfoCache" version="SHA-512:d992f17acae9ab38648773b30ded48d181aeb5e0afff72a8cfa78dd3ff2edaae5efbb0fd37207502d625b385ebff4d0d0c987e9591c00094c1299b17b3ac321e"/>
        <VersionInfo resourceName="3-EV-ExtractCachedValues" version="SHA-512:db08fa50eaa58c5516cfadb5f9eb4a07ecc01179924814184fa8c81c44cbf2995d6c6cbd209b111617ce7f19a80700e93eb652383cb0f1d5ba1b5d28931d28b5"/>
        <VersionInfo resourceName="4-JS-AssignRequestHeaders" version="SHA-512:1fc12620e4cadd2e7d24be23c344f512ad8e9f0ea8ecf2ca311aeda972acde57fe3f5023bda9e538fb353de88d9532f90e688a6da8aa9f220b6a1cbb9a50dfd0"/>
    </Policies>
    <ProxyEndpoints/>
    <Resources>
        <VersionInfo resourceName="jsc://AssignRequestHeaders/AssignRequestHeaders.js" version="SHA-512:db97a988b5225d2f8e8b576ce503a7a0ea9a81c7bd5ba3c3b763c1850cf4c35b50699ee93dd87be932d7dbee429fa287463c8b01d88a838091b507a65614b059"/>
        <VersionInfo resourceName="jsc://AssignRequestHeaders/invokePolicy.js" version="SHA-512:604474c08397b697191419556cb012a75f48f9b0a5511fdcf352ba497cf5b6ddc464c8c055923814b4973943cdc1ec384785525dc3b0f08e69266204e9eb44c2"/>
    </Resources>
    <SharedFlows>
        <VersionInfo resourceName="default" version="SHA-512:2d29a87549f821af4eb26c5124707f83f4eab49264e0ff6c09922f81485c8d8864be974256c6f8ee4c7450a70ca32db7522cf31285c91b17776e139ba5c67f42"/>
    </SharedFlows>
    <TargetEndpoints/>
</Manifest>
