<?xml version="1.0" encoding="UTF-8" standalone="yes"?>
<SharedFlowBundle revision="3" name="SF-OauthPasswordGrant">
    <ConfigurationVersion majorVersion="4" minorVersion="0"/>
    <CreatedAt>1641895132604</CreatedAt>
    <CreatedBy>benit.jose@infosys.com</CreatedBy>
    <Description>PasswordGrant</Description>
    <DisplayName>SF-OauthPasswordGrant</DisplayName>
    <LastModifiedAt>1643524489165</LastModifiedAt>
    <LastModifiedBy>benit.jose@infosys.com</LastModifiedBy>
    <ManifestVersion>SHA-512:091f7f751fdf5521e597b3416d4ac21db023b37dd4dca62bfe90204cdfd44e70fbd4689284b4e4a1ed5dd52e8053285a71eed49c4683a5fdaf12f4059218b159:ap-northeast-1</ManifestVersion>
    <Policies>
        <Policy>AM-CreateRequest</Policy>
        <Policy>OA-VerifyUserCredentials</Policy>
        <Policy>SC-AuthenticateUser</Policy>
    </Policies>
    <Resources/>
    <Spec></Spec>
    <subType>SharedFlow</subType>
    <SharedFlows>
        <SharedFlow>default</SharedFlow>
    </SharedFlows>
</SharedFlowBundle>
