<?xml version="1.0" encoding="UTF-8" standalone="yes"?>
<AssignMessage async="false" continueOnError="false" enabled="true" name="3-CORS-Enable">
    <DisplayName>3-CORS-Enable</DisplayName>
    <IgnoreUnresolvedVariables>true</IgnoreUnresolvedVariables>
</AssignMessage><!--<CORS continueOnError="false" enabled="true" name="3-CORS-Enable">
    <DisplayName>3-CORS-Enable</DisplayName>
    <AllowOrigins>{cors_allowed_origins}</AllowOrigins>
    <AllowMethods>{cors_allowed_methods}</AllowMethods>
    <AllowHeaders>{cors_allowed_headers}</AllowHeaders>
    <ExposeHeaders>{cors_expose_headers}</ExposeHeaders>
    <MaxAge>{cors_max_age}</MaxAge>
    <AllowCredentials>{cors_allow_credentials}</AllowCredentials>
    <GeneratePreflightResponse>true</GeneratePreflightResponse>
    <IgnoreUnresolvedVariables>true</IgnoreUnresolvedVariables>
</CORS>-->
