<?xml version="1.0" encoding="UTF-8" standalone="yes"?>
<KeyValueMapOperations async="false" continueOnError="false" enabled="true" name="3-KVMO-GetCORSConfig" mapIdentifier="SF-CORS">
    <DisplayName>3-KVMO-GetCORSConfig</DisplayName>
    <Properties/>
    <ExclusiveCache>false</ExclusiveCache>
    <ExpiryTimeInSecs>300</ExpiryTimeInSecs>
    <InitialEntries>
        <Entry>
            <Key>
                <Parameter>MSA-EmployeeManagement</Parameter>
            </Key>
            <Value>{ "cors_allowed_origins": "*", "cors_allowed_methods": "GET, POST", "cors_allowed_headers": "Accept, Accept-encoding, Authorization, AuthToken, Content-Type, mwh-mule-token, mwh-correlationid, mwh-channelidh, mwh-appid, mwh-requestid, mwh-clientsecret, mwh-requesttimestamp", "cors_expose_headers": "Content-Type, Content-Length, Connection, Date, mwh-correlationid, mwh-requestid", "cors_max_age": "86400", "cors_allow_credentials": true }</Value>
        </Entry>
        <Entry>
            <Key>
                <Parameter>Default</Parameter>
            </Key>
            <Value>{ "cors_allowed_origins": "*", "cors_allowed_methods": "GET, PUT, POST, DELETE", "cors_allowed_headers": "Accept, Accept-encoding, Authorization, Content-Type, mwh-mule-token, mwh-correlationid, mwh-channelidh, mwh-appid, mwh-requestid, mwh-clientsecret, mwh-requesttimestamp", "cors_expose_headers": "Content-Type, Content-Length, Connection, Date, mwh-correlationid, mwh-requestid", "cors_max_age": "86400", "cors_allow_credentials": true }</Value>
        </Entry>
    </InitialEntries>
    <Get assignTo="private.cORSConfig">
        <Key>
            <Parameter ref="apiproxy.name"/>
        </Key>
    </Get>
    <Scope>environment</Scope>
</KeyValueMapOperations>