<?xml version="1.0" encoding="UTF-8" standalone="yes"?>
<Manifest name="manifest">
    <Policies>
        <VersionInfo resourceName="4-JS-LoggingContent" version="SHA-512:7f21fa945d7f219f38dfa9601dfa15b37eebf783ce0c29f02646a1f42ac96bd89a7dca356c0606188c4c7403b2de7caf5cbea9644b2143a4022f45469f6964cb"/>
        <VersionInfo resourceName="4-ML-WriteLog" version="SHA-512:96487c675c3870119f0f85d257528283b5b347278a2d581f9b69f880e36f2504701882d89641f20d3c696bb199c01dcce1ec697aee80d789463398639dc6e44e"/>
    </Policies>
    <ProxyEndpoints/>
    <Resources>
        <VersionInfo resourceName="jsc://LoggingContent/LoggingContent.js" version="SHA-512:9527c6040b108448b2ef2709daf443e3552e9e881b8d92b7d7564cb4ed19cfdb70822b650505bbe3ff323cfa52748f1d911074fb2158c0b810ca071c3bac41b9"/>
        <VersionInfo resourceName="jsc://LoggingContent/invokePolicy.js" version="SHA-512:bd04abbcd94a26d9607548386366220413b169e8020450195575b6f87b54d2c4d15cebc00e716a1fe20510f9febaebec866ba04a4d114d78709ee1945ef44ed0"/>
    </Resources>
    <SharedFlows>
        <VersionInfo resourceName="default" version="SHA-512:1c5e7b945a39ffe3b94c1ebc29f783fbe9b8cd6a3898e5bcb534cfa46cae0865e68a5cb09b12c6021840c6a53b8739efe179d9e4f5bfadf4a97b8688e09d8fad"/>
    </SharedFlows>
    <TargetEndpoints/>
</Manifest>
