<?xml version="1.0" encoding="UTF-8" standalone="yes"?>
<Manifest name="manifest">
    <Policies>
        <VersionInfo resourceName="4-JS-PopulateErrorResponse" version="SHA-512:0c85883fd054edead72739410f26111c61545541ffcc398cde22f6213b611d593b761bc95ce66252a85a9412a027bcc7d254de1615e653f79ab93275b0109562"/>
    </Policies>
    <ProxyEndpoints/>
    <Resources>
        <VersionInfo resourceName="jsc://PopulateErrorResponse/InvokePolicy.js" version="SHA-512:68872d95d88e31dd03c746bdad8158ee3d6dee3c22ad024d0b0bbe96e4d0149cecb84f996e08504ffbd52726c7fa8ee994c20008fdc753bf48cd992ea7a774b0"/>
        <VersionInfo resourceName="jsc://PopulateErrorResponse/PopulateErrorResponse.js" version="SHA-512:2f0602e880af6588b679f3046341474629ece938f30ac18683f45e7df09858674784ce57a76a74b737ef4bc316419a6354f88db08fa8c1ab36f07463bbf97bfb"/>
    </Resources>
    <SharedFlows>
        <VersionInfo resourceName="default" version="SHA-512:7f9c3f1001d9ece02282de3b5707c7bcaa093ace23082e678b9b4a2324d073570143d269ec617aab9c2bdc7da803280cd690028c25e80b6bbe22f18b3fccaa25"/>
    </SharedFlows>
    <TargetEndpoints/>
</Manifest>
