<?xml version="1.0" encoding="UTF-8" standalone="yes"?>
<Manifest name="manifest">
    <Policies>
        <VersionInfo resourceName="AM-CreateRequest" version="SHA-512:b5355c122ab8e6cf2d8b8a247cf5ffba35069a0acf7e86e051f2bb003fdd31a3098cdd075294182e1244631346242f336c1ea7c509b52c7615b53ac1936dcb01"/>
        <VersionInfo resourceName="OA-VerifyUserCredentials" version="SHA-512:6110c5869f7cd6877111f34fe36592f563427b7956a5b5b3c39453a5554e37fd7e4ffeefe844faed75a7b1a5e3deb2ad6220eba1502ecff6ebe5eefbee1f6fca"/>
        <VersionInfo resourceName="SC-AuthenticateUser" version="SHA-512:ca240121988ec5b4de773d16b24a4006a0b9fb80a756338e2f812df0e3a95010653b6df0a0c83b5853421247425339d44684c95dc4d9ca41fb83fd230d722d06"/>
    </Policies>
    <ProxyEndpoints/>
    <Resources/>
    <SharedFlows>
        <VersionInfo resourceName="default" version="SHA-512:8a90823d04e805c77c7943a148ba83526e472856258f854c41b7c72c0afebd9590b4ab7e3c4b6f3f83be889293a51eae396a4a5d48fc7693675da8684332e610"/>
    </SharedFlows>
    <TargetEndpoints/>
</Manifest>
