<?xml version="1.0" encoding="UTF-8" standalone="yes"?>
<Manifest name="manifest">
    <Policies>
        <VersionInfo resourceName="Api_AssignMessage_ManageContentType" version="SHA-512:3a1ce97a3a9baa8df84575427bbd11e50d0c395c7993ebf3da63ed42916f2440c62a930dd873ce36d504ba5d63142a01561d37c99eb8fabe4d618093529c12c2"/>
        <VersionInfo resourceName="Api_FlowCallout_CaptureFrontendDetails" version="SHA-512:4467811e4b05240d46558207557e3de10d9f827aed37bf15371cfae6d8fd49b9e509dc7e9508b1a335235dac5b5124331130c8237daedbc0652c380699691d51"/>
    </Policies>
    <ProxyEndpoints/>
    <Resources>
        <VersionInfo resourceName="jsc://ContentTypeValidation.js" version="SHA-512:92666f39c685e4864a3895d697725f822f7de830a8ab9fdad036154430804446289536946896dec3d3a0eed0dc080d95aad8742ef50d60ed7239d6b739dd7081"/>
    </Resources>
    <SharedFlows>
        <VersionInfo resourceName="default" version="SHA-512:b3f87285911cee64d6460faae8cedae71881d1013fcea6affe2f74d21e3f05bf1af046005b3dc674ed8d518c87e4aab93e1c951dd16054d815691262886da09f"/>
    </SharedFlows>
    <TargetEndpoints/>
</Manifest>
