<?xml version="1.0" encoding="UTF-8" standalone="yes"?>
<SharedFlowBundle revision="1" name="0-SF-ValidateXSS">
    <ConfigurationVersion majorVersion="4" minorVersion="0"/>
    <CreatedAt>1577961703433</CreatedAt>
    <CreatedBy>jayashree_r05@infosys.com</CreatedBy>
    <Description>undefined</Description>
    <DisplayName>0-SF-ValidateXSS</DisplayName>
    <LastModifiedAt>1577961703433</LastModifiedAt>
    <LastModifiedBy>jayashree_r05@infosys.com</LastModifiedBy>
    <ManifestVersion>SHA-512:f4bfbbe1c01c544795732644a21dbf43b1f9ebd27317c94582443340b5ff8813a52cf5258a2dc68663b73a05824b1254c6e7270252a12a229ee693308d97e0ae:ap-northeast-1</ManifestVersion>
    <Policies>
        <Policy>3-KVMO-ReadSecurityRequestXSS</Policy>
        <Policy>3-KVMO-ReadSecurityRequestXSSDefault</Policy>
        <Policy>4-JS-CheckXSSInRequest</Policy>
    </Policies>
    <Resources>
        <Resource>jsc://4-JS-CheckXSSInRequest.js</Resource>
    </Resources>
    <Spec></Spec>
    <subType>SharedFlow</subType>
    <SharedFlows>
        <SharedFlow>default</SharedFlow>
    </SharedFlows>
</SharedFlowBundle>
