<?xml version="1.0" encoding="UTF-8" standalone="yes"?>
<SharedFlowBundle revision="1" name="0-SF-SetBEHeaders">
    <ConfigurationVersion majorVersion="4" minorVersion="0"/>
    <CreatedAt>1577947159973</CreatedAt>
    <CreatedBy>jayashree_r05@infosys.com</CreatedBy>
    <Description>
        Shared Flow for setting outoging headers
        Input: All Headers;
        Output: Only registered Headers;
    </Description>
    <DisplayName>0-SF-SetBEHeaders</DisplayName>
    <LastModifiedAt>1577947159973</LastModifiedAt>
    <LastModifiedBy>jayashree_r05@infosys.com</LastModifiedBy>
    <ManifestVersion>SHA-512:36363fea40db4dc86b45c3c96b4f368d6409cfcb595b54c3d4e8f42995939b4940ee07152fb2c769e8ac7baecf8b1d61522bd3998529a274c1175d87996e97b0:ap-northeast-1</ManifestVersion>
    <Policies>
        <Policy>3-EV-AssignStandardHeaders</Policy>
        <Policy>3-EV-ExtractHeadersList</Policy>
        <Policy>3-KVMO-GetDefaultHeadersList</Policy>
        <Policy>3-KVMO-GetHeadersList</Policy>
        <Policy>4-JS-HeadersPropagationNB</Policy>
        <Policy>4-JS-InHeadersFilter</Policy>
    </Policies>
    <Resources>
        <Resource>jsc://AccessHeadersNB/AccessHeadersPropagationNB.js</Resource>
        <Resource>jsc://AccessHeadersNB/invokePolicy.js</Resource>
        <Resource>jsc://InHeadersFilter/AccessInHeadersFilter.js</Resource>
        <Resource>jsc://InHeadersFilter/invokePolicy.js</Resource>
        <Resource>spec://AccessHeadersNBSpec.js</Resource>
        <Resource>spec://AccessInHeadersFilterSpec.js</Resource>
    </Resources>
    <Spec></Spec>
    <subType>SharedFlow</subType>
    <SharedFlows>
        <SharedFlow>default</SharedFlow>
    </SharedFlows>
</SharedFlowBundle>
