<?xml version="1.0" encoding="UTF-8" standalone="yes"?>
<ServiceCallout async="false" continueOnError="false" enabled="true" name="GetAccessToken">
    <DisplayName>GetAccessToken</DisplayName>
    <Request>
        <IgnoreUnresolvedVariables>false</IgnoreUnresolvedVariables>
        <Add>
            <Verb>GET</Verb>
            <Headers>
                <Header name="Authorization">Basic {private.byBasicAuth}</Header>
            </Headers>
        </Add>
    </Request>
    <Response>calloutResponse</Response>
    <HTTPTargetConnection>
        <LoadBalancer>
            <Server name="TS_BlueYonder"/>
        </LoadBalancer>
        <Path>{oAuthEndPointURI}</Path>
    </HTTPTargetConnection>
</ServiceCallout>