<?xml version="1.0" encoding="UTF-8" standalone="yes"?>
<AssignMessage async="false" continueOnError="false" enabled="true" name="RemoveAuthorizationAndPath">
    <DisplayName>RemoveAuthorizationAndPath</DisplayName>
    <AssignVariable>
        <Name>target.copy.pathsuffix</Name>
        <Value>false</Value>
    </AssignVariable>
    <Remove>
        <Headers>
            <Header name="Authorization"/>
        </Headers>
        <Path/>
    </Remove>
    <IgnoreUnresolvedVariables>true</IgnoreUnresolvedVariables>
    <AssignTo createNew="false" transport="http" type="request"/>
</AssignMessage>