<?xml version="1.0" encoding="UTF-8" standalone="yes"?>
<KeyValueMapOperations async="false" continueOnError="false" enabled="true" name="RetrieveOAuthEndPointURI" mapIdentifier="BY_URIs">
    <DisplayName>RetrieveOAuthEndPointURI</DisplayName>
    <ExclusiveCache>false</ExclusiveCache>
    <ExpiryTimeInSecs>300</ExpiryTimeInSecs>
    <Get assignTo="oAuthEndPointURI">
        <Key>
            <Parameter>oAuthEndPointURI</Parameter>
        </Key>
    </Get>
    <Scope>environment</Scope>
</KeyValueMapOperations>