<?xml version="1.0" encoding="UTF-8" standalone="yes"?>
<SharedFlowBundle revision="1" name="0-SF-ValidateHeaders">
    <ConfigurationVersion majorVersion="4" minorVersion="0"/>
    <CreatedAt>1577947218343</CreatedAt>
    <CreatedBy>jayashree_r05@infosys.com</CreatedBy>
    <Description>undefined</Description>
    <DisplayName>0-SF-ValidateHeaders</DisplayName>
    <LastModifiedAt>1577947218343</LastModifiedAt>
    <LastModifiedBy>jayashree_r05@infosys.com</LastModifiedBy>
    <ManifestVersion>SHA-512:abd4d76e4275124f6d4a4480167a38d312050f1db7a5739443e547ef9ff7ecbf5f5e847b507fc78faee0769fa297f93dc28602e6336b4cb8d75e0864283faf77:ap-northeast-1</ManifestVersion>
    <Policies>
        <Policy>3-AM-AssignMessage-FlowName</Policy>
        <Policy>3-KVMO-ExtractParams</Policy>
        <Policy>3-KVMO-ExtractParamsDefault</Policy>
        <Policy>4-JS-CheckHeaders</Policy>
    </Policies>
    <Resources>
        <Resource>jsc://CheckHeaders/CheckHeaders.js</Resource>
        <Resource>jsc://CheckHeaders/InvokePolicy.js</Resource>
        <Resource>spec://CheckHeadersSpec.js</Resource>
    </Resources>
    <Spec></Spec>
    <subType>SharedFlow</subType>
    <SharedFlows>
        <SharedFlow>default</SharedFlow>
    </SharedFlows>
</SharedFlowBundle>
