<?xml version="1.0" encoding="UTF-8" standalone="yes"?>
<SharedFlowBundle revision="2" name="SF-SpikeArrestRateLimiting">
    <ConfigurationVersion majorVersion="4" minorVersion="0"/>
    <CreatedAt>1657796710419</CreatedAt>
    <CreatedBy>shrenikkumar_s@infosys.com</CreatedBy>
    <Description>Limits the number of requests to protect API proxy's target backend against severe traffic spikes over a short period of time</Description>
    <DisplayName>SF-SpikeArrestRateLimiting</DisplayName>
    <LastModifiedAt>1657800600083</LastModifiedAt>
    <LastModifiedBy>shrenikkumar_s@infosys.com</LastModifiedBy>
    <ManifestVersion>SHA-512:a7fdd4edcc5d854dbc4ca66eb7ae2cd712b9e3798a3a9fff4195121e8c43bafe3f44631d83607c0f3a1b98a8cb0efe4c0edc15acdf2ab0b568effc9b1bb6bb70:ap-northeast-1</ManifestVersion>
    <Policies>
        <Policy>1-SA-ArrestTraffic</Policy>
        <Policy>3-EV-ParseSAConfig</Policy>
        <Policy>3-KVMO-GetSAConfig</Policy>
        <Policy>3-KVMO-GetSAConfigDefault</Policy>
    </Policies>
    <Resources/>
    <Spec></Spec>
    <subType>SharedFlow</subType>
    <SharedFlows>
        <SharedFlow>default</SharedFlow>
    </SharedFlows>
</SharedFlowBundle>
