<?xml version="1.0" encoding="UTF-8" standalone="yes"?>
<SharedFlowBundle revision="1" name="0-SF-RequestHeaderValidation">
    <ConfigurationVersion majorVersion="4" minorVersion="0"/>
    <CreatedAt>1601568236788</CreatedAt>
    <CreatedBy>vaibhav_pansari@infosys.com</CreatedBy>
    <Description>This Shared Flow validates the request headers.</Description>
    <DisplayName>0-SF-RequestHeaderValidation</DisplayName>
    <LastModifiedAt>1603391838107</LastModifiedAt>
    <LastModifiedBy>vaibhav_pansari@infosys.com</LastModifiedBy>
    <ManifestVersion>SHA-512:22782dd65a33847eee76d1576f80fd9d36affa88a6a903245fee97f1b07c7a1aadd3b1796138b5a324b179c2bc456ea771b33d8b45e953acfd54e5fe57550c34:ap-northeast-1</ManifestVersion>
    <Policies>
        <Policy>1-AM-GenerateTransactionId</Policy>
        <Policy>2-EV-ExtractRequestHeaders</Policy>
        <Policy>4-JS-RequestValidation</Policy>
    </Policies>
    <Resources>
        <Resource>jsc://RequestValidation.js</Resource>
    </Resources>
    <Spec></Spec>
    <subType>SharedFlow</subType>
    <SharedFlows>
        <SharedFlow>default</SharedFlow>
    </SharedFlows>
</SharedFlowBundle>
