<?xml version="1.0" encoding="UTF-8" standalone="yes"?>
<SharedFlowBundle revision="1" name="SF-ValidatePingOAuthToken">
    <ConfigurationVersion majorVersion="4" minorVersion="0"/>
    <CreatedAt>1658214888956</CreatedAt>
    <CreatedBy>shrenikkumar_s@infosys.com</CreatedBy>
    <Description>Validates the OAuth token received in request from the client application, this flow calls Ping endpoint to get the token validated.</Description>
    <DisplayName>SF-ValidatePingOAuthToken</DisplayName>
    <LastModifiedAt>1658215735535</LastModifiedAt>
    <LastModifiedBy>shrenikkumar_s@infosys.com</LastModifiedBy>
    <ManifestVersion>SHA-512:cb5a6d93fa1305f3ac6037fdb3dc5ff8cf490e03480e063c607193d603d50f2287bc5b636da1fa64aafe6418e2402184543373cb1518f75358a53f4da384ae60:ap-northeast-1</ManifestVersion>
    <Policies>
        <Policy>3-EV-ExtractPingToken</Policy>
        <Policy>3-EV-ParsePingConfig</Policy>
        <Policy>3-KVMO-GetPingConfig</Policy>
        <Policy>3-KVMO-GetPingConfigDefault</Policy>
        <Policy>4-JS-CheckAuthHeader</Policy>
        <Policy>4-JS-ParsePingResponse</Policy>
        <Policy>4-SC-InvokePing</Policy>
    </Policies>
    <Resources>
        <Resource>jsc://ParsePingResponse/InvokePolicy.js</Resource>
        <Resource>jsc://ParsePingResponse/ParsePingResponse.js</Resource>
    </Resources>
    <Spec></Spec>
    <subType>SharedFlow</subType>
    <SharedFlows>
        <SharedFlow>default</SharedFlow>
    </SharedFlows>
</SharedFlowBundle>
