<?xml version="1.0" encoding="UTF-8" standalone="yes"?>
<AssignMessage async="false" continueOnError="false" enabled="true" name="3-EV-AssignStandardHeaders">
    <DisplayName>3-EV-AssignStandardHeaders</DisplayName>
    <FaultRules/>
    <Properties/>
    <AssignVariable>
        <Name>VF_INT_TRACE_ID_req</Name>
        <Ref>request.header.VF_INT_TRACE_ID</Ref>
    </AssignVariable>
    <AssignVariable>
        <Name>vf_trace_transaction_id_req</Name>
        <Ref>request.header.vf-trace-transaction-id</Ref>
    </AssignVariable>
    <AssignVariable>
        <Name>VF_INT_TRACK_ID_req</Name>
        <Ref>request.header.VF_INT_TRACK_ID</Ref>
    </AssignVariable>
    <AssignVariable>
        <Name>VF_INT_CALLER_ID_req</Name>
        <Ref>request.header.VF_INT_CALLER_ID</Ref>
    </AssignVariable>
    <AssignVariable>
        <Name>VF_EXT_TRACE_ID_req</Name>
        <Ref>request.header.VF_EXT_TRACE_ID</Ref>
    </AssignVariable>
    <AssignVariable>
        <Name>VF_EXT_REFERENCE_ID_req</Name>
        <Ref>request.header.VF_EXT_REFERENCE_ID</Ref>
    </AssignVariable>
    <AssignVariable>
        <Name>VF_EXT_BP_ID_req</Name>
        <Ref>request.header.VF_EXT_BP_ID</Ref>
    </AssignVariable>
    <AssignVariable>
        <Name>msisdn</Name>
        <Ref>request.header.msisdn</Ref>
    </AssignVariable>
    <IgnoreUnresolvedVariables>true</IgnoreUnresolvedVariables>
</AssignMessage>
