<?xml version="1.0" encoding="UTF-8" standalone="yes"?>
<KeyValueMapOperations name="3-KVMO-GetHeadersList" enabled="true" continueOnError="false" async="false" mapIdentifier="SF-KVM-SetOutHeaders" encrypted="false">
    <DisplayName>3-KVMO-GetHeadersList</DisplayName>
    <FaultRules/>
    <Properties/>
    <ExclusiveCache>false</ExclusiveCache>
    <ExpiryTimeInSecs>-1</ExpiryTimeInSecs>
    <InitialEntries/>
    <Get assignTo="validationHeaderConfig">
        <Key>
            <Parameter ref="apiproxy.name"/>
        </Key>
    </Get>
    <Scope>environment</Scope>
</KeyValueMapOperations>