<?xml version="1.0" encoding="UTF-8" standalone="yes"?>
<SharedFlowBundle revision="1" name="0-SF-CORSPre">
    <ConfigurationVersion majorVersion="4" minorVersion="0"/>
    <CreatedAt>1606824488763</CreatedAt>
    <CreatedBy>ramanpreet.khattra@infosys.com</CreatedBy>
    <Description>undefined</Description>
    <DisplayName>0-SF-CORSPre</DisplayName>
    <LastModifiedAt>1606843218967</LastModifiedAt>
    <LastModifiedBy>ramanpreet.khattra@infosys.com</LastModifiedBy>
    <ManifestVersion>SHA-512:b6c8b6988e6181cff01a4e62f31b9697a6853b59ad36bf877eebfbe6c1a4e0262fa04338eab4c8e52f797e9dbf61e8f10a07623580a2ef0511539d05c0d34fc6:ap-northeast-1</ManifestVersion>
    <Policies>
        <Policy>3-AM-AssignPreflightResponseNoHeaders</Policy>
        <Policy>3-AM-AssignPreflightResponseWithHeaders</Policy>
        <Policy>3-EV-ExtractCORSList</Policy>
        <Policy>3-KVMO-GetCORSList</Policy>
        <Policy>3-KVMO-GetDefaultCORSList</Policy>
        <Policy>4-JS-ProcessNetworkCorsPreflightRequest</Policy>
    </Policies>
    <Resources>
        <Resource>jsc://InvokePolicy.js</Resource>
        <Resource>jsc://ProcessNetworkCorsPreflightRequest.js</Resource>
    </Resources>
    <Spec></Spec>
    <subType>SharedFlow</subType>
    <SharedFlows>
        <SharedFlow>default</SharedFlow>
    </SharedFlows>
</SharedFlowBundle>
