<?xml version="1.0" encoding="UTF-8" standalone="yes"?>
<ExtractVariables async="false" continueOnError="false" enabled="true" name="3-EV-ExtractQuotasFromKVM">
    <DisplayName>3-EV-ExtractQuotasFromKVM</DisplayName>
    <FaultRules/>
    <Properties/>
    <IgnoreUnresolvedVariables>true</IgnoreUnresolvedVariables>
    <JSONPayload>
        <Variable name="quota">
            <JSONPath>$.quota</JSONPath>
        </Variable>
        <Variable name="enabled">
            <JSONPath>$.enabled</JSONPath>
        </Variable>
    </JSONPayload>
    <Source clearPayload="false">apiConfig</Source>
</ExtractVariables>