<?xml version="1.0" encoding="UTF-8" standalone="yes"?>
<KeyValueMapOperations name="3-KVMO-GetKVMDefaultValue" enabled="true" continueOnError="false" async="false" mapIdentifier="SF-KVM-ApplyQuota">
    <DisplayName>3-KVMO-GetKVMDefaultValue</DisplayName>
    <Properties/>
    <ExclusiveCache>false</ExclusiveCache>
    <ExpiryTimeInSecs>300</ExpiryTimeInSecs>
    <Get assignTo="apiConfig">
        <Key>
            <Parameter>Default</Parameter>
        </Key>
    </Get>
    <Scope>environment</Scope>
</KeyValueMapOperations>