<?xml version="1.0" encoding="UTF-8" standalone="yes"?>
<SharedFlowBundle revision="2" name="0-SF-ValidateCSRF">
    <ConfigurationVersion majorVersion="4" minorVersion="0"/>
    <CreatedAt>1606743722644</CreatedAt>
    <CreatedBy>shreerangan_t@infosys.com</CreatedBy>
    <Description>undefined</Description>
    <DisplayName>0-SF-ApplyCSRFProtection</DisplayName>
    <LastModifiedAt>1606817240357</LastModifiedAt>
    <LastModifiedBy>shreerangan_t@infosys.com</LastModifiedBy>
    <ManifestVersion>SHA-512:d78fd7dd3b6440c26096eb50d17fca1a8efd337ba9a308d25e6ceb88043d3488339e5d967a599a8da1a3dbc46d2ab737aa460a32e81cafaae442654f47958bb5:ap-northeast-1</ManifestVersion>
    <Policies>
        <Policy>3-EV-ExtractAPIProxyList</Policy>
        <Policy>3-EV-ExtractEnabled</Policy>
        <Policy>3-KVMO-GetCSRFDetails</Policy>
        <Policy>3-KVMO-GetReferersList</Policy>
        <Policy>4-JS-CheckReferersHeader</Policy>
    </Policies>
    <Resources>
        <Resource>jsc://4-JS-CheckReferersHeader.js</Resource>
    </Resources>
    <Spec></Spec>
    <subType>SharedFlow</subType>
    <SharedFlows>
        <SharedFlow>default</SharedFlow>
    </SharedFlows>
</SharedFlowBundle>
