<?xml version="1.0" encoding="UTF-8"?>

<configuration>
<springProperty scope="context" name="springAppName" source="spring.application.name" />
	<appender name="STDOUT"
		class="ch.qos.logback.core.ConsoleAppender">
		<encoder>
			<!-- <pattern>%d{​​​​​​​HH:mm:ss.SSS}​​​​​​​ [%thread] %-5level
				%logger{​​​​​​​36}​​​​​​​ - %msg%n</pattern> -->
				<pattern>%d{yyyy-MM-dd HH:mm:ss.SSS} [%t] [%-5level] [%logger{36}] [${HOSTNAME}] [${springAppName}] - %msg%n</pattern>
		</encoder>
	</appender>

	<root level="debug">
		<appender-ref ref="STDOUT" />
	</root>
</configuration>