<?xml version="1.0" encoding="UTF-8" standalone="yes"?>
<SharedFlow name="default">
    <Step>
        <Name>3-KVMO-GetCatalogLink</Name>
    </Step>
    <Step>
        <Name>4-JS-GenerateErrorVariables</Name>
    </Step>
    <Step>
        <Condition>api_help_link != null</Condition>
        <Name>3-AM-ErrorResponseWithLink</Name>
    </Step>
    <Step>
        <Condition>api_help_link == null or api_help_link == EMPTY</Condition>
        <Name>3-AM-ErrorResponseWithoutLink</Name>
    </Step>
</SharedFlow>