<?xml version="1.0" encoding="UTF-8" standalone="yes"?>
<ExtractVariables async="false" continueOnError="false" enabled="true" name="3-EV-ParsePingConfig">
    <DisplayName>3-EV-ParsePingConfig</DisplayName>
    <Properties/>
    <JSONPayload>
        <Variable name="whitelisted_client_apps">
            <JSONPath>$.whitelisted_client_apps</JSONPath>
        </Variable>
        <Variable name="ping_host">
            <JSONPath>$.ping_host</JSONPath>
        </Variable>
        <Variable name="ping_path">
            <JSONPath>$.ping_path</JSONPath>
        </Variable>
        <Variable name="private.ping_client_id">
            <JSONPath>$.ping_client_id</JSONPath>
        </Variable>
        <Variable name="private.ping_client_secret">
            <JSONPath>$.ping_client_secret</JSONPath>
        </Variable>
    </JSONPayload>
    <IgnoreUnresolvedVariables>true</IgnoreUnresolvedVariables>
    <Source clearPayload="false">private.pingConfig</Source>
</ExtractVariables>