<?xml version="1.0" encoding="UTF-8" standalone="yes"?>
<AssignMessage async="false" continueOnError="false" enabled="true" name="1-AM-GenerateTransactionId">
    <DisplayName>1-AM-GenerateTransactionId</DisplayName>
    <Properties/>
    <Set>
        <Headers>
            <Header name="x-vf-transactionId">{createUuid()}</Header>
        </Headers>
    </Set>
    <IgnoreUnresolvedVariables>true</IgnoreUnresolvedVariables>
    <AssignTo createNew="false" transport="http" type="request"/>
</AssignMessage>