<?xml version="1.0" encoding="UTF-8" standalone="yes"?>
<ExtractVariables async="false" continueOnError="false" enabled="true" name="2-EV-ExtractRequestHeaders">
    <DisplayName>2-EV-ExtractRequestHeaders</DisplayName>
    <IgnoreUnresolvedVariables>true</IgnoreUnresolvedVariables>
    <Source clearPayload="false">request</Source>
    <XMLPayload stopPayloadProcessing="false">
        <Variable name="action" type="String">
            <XPath>//*[local-name()="Action"]/text()</XPath>
        </Variable>
        <Variable name="messageId" type="String">
            <XPath>//*[local-name()="MessageID"]/text()</XPath>
        </Variable>
    </XMLPayload>
</ExtractVariables>