<?xml version="1.0" encoding="UTF-8" standalone="yes"?>
<ExtractVariables async="false" continueOnError="false" enabled="true" name="3-EV-ParseLogConfig">
    <DisplayName>3-EV-ParseLogConfig</DisplayName>
    <Properties/>
    <JSONPayload>
        <Variable name="logging_payload_enabled">
            <JSONPath>$.logging_payload_enabled</JSONPath>
        </Variable>
        <Variable name="api_version">
            <JSONPath>$.api_version</JSONPath>
        </Variable>
        <Variable name="max_payload_content_size">
            <JSONPath>$.max_payload_content_size</JSONPath>
        </Variable>
        <Variable name="headers_to_mask">
            <JSONPath>$.headers_to_mask</JSONPath>
        </Variable>
        <Variable name="query_params_to_mask">
            <JSONPath>$.query_params_to_mask</JSONPath>
        </Variable>
        <Variable name="form_params_to_mask">
            <JSONPath>$.form_params_to_mask</JSONPath>
        </Variable>
    </JSONPayload>
    <IgnoreUnresolvedVariables>true</IgnoreUnresolvedVariables>
    <Source clearPayload="false">private.logConfig</Source>
</ExtractVariables>