<?xml version="1.0" encoding="UTF-8" standalone="yes"?>
<KeyValueMapOperations async="false" continueOnError="false" enabled="true" name="3-KVMO-GetLogConfig" mapIdentifier="SF-Logging">
    <DisplayName>3-KVMO-GetLogConfig</DisplayName>
    <Properties/>
    <ExclusiveCache>false</ExclusiveCache>
    <ExpiryTimeInSecs>300</ExpiryTimeInSecs>
    <InitialEntries>
        <Entry>
            <Key>
                <Parameter>MSA-EmployeeManagement</Parameter>
            </Key>
            <Value>{ "logging_payload_enabled": true, "api_version": "1-0-0", "max_payload_content_size": 1048576, "headers_to_mask": "Authorization,mwh-clientsecret,mwh-mule-token,AuthToken", "query_params_to_mask": "apikey", "form_params_to_mask": "password" }</Value>
        </Entry>
        <Entry>
            <Key>
                <Parameter>Default</Parameter>
            </Key>
            <Value>{ "logging_payload_enabled": false, "api_version": "1-0-0", "max_payload_content_size": 1048576, "headers_to_mask": "Authorization,mwh-clientsecret,mwh-mule-token", "query_params_to_mask": "", "form_params_to_mask": "" }</Value>
        </Entry>
    </InitialEntries>
    <Get assignTo="private.logConfig">
        <Key>
            <Parameter ref="apiproxy.name"/>
        </Key>
    </Get>
    <Scope>environment</Scope>
</KeyValueMapOperations>