<?xml version="1.0" encoding="UTF-8" standalone="yes"?>
<KeyValueMapOperations async="false" continueOnError="false" enabled="true" name="3-KVMO-GetLogConfigDefault" mapIdentifier="SF-Logging">
    <DisplayName>3-KVMO-GetLogConfigDefault</DisplayName>
    <Properties/>
    <ExclusiveCache>false</ExclusiveCache>
    <ExpiryTimeInSecs>300</ExpiryTimeInSecs>
    <Get assignTo="private.logConfig">
        <Key>
            <Parameter>Default</Parameter>
        </Key>
    </Get>
    <Scope>environment</Scope>
</KeyValueMapOperations>