<?xml version="1.0" encoding="UTF-8" standalone="yes"?>
<ExtractVariables async="false" continueOnError="false" enabled="true" name="3-EV-ExtractPayloadSizeFromKVM">
    <DisplayName>3-EV-ExtractPayloadSizeFromKVM</DisplayName>
    <FaultRules/>
    <Properties/>
    <IgnoreUnresolvedVariables>true</IgnoreUnresolvedVariables>
    <JSONPayload>
        <Variable name="max_request_uri_size">
            <JSONPath>$.max_request_uri_size</JSONPath>
        </Variable>
        <Variable name="max_header_size">
            <JSONPath>$.max_header_size</JSONPath>
        </Variable>
        <Variable name="max_content_size">
            <JSONPath>$.max_content_size</JSONPath>
        </Variable>
    </JSONPayload>
    <Source clearPayload="false">max_request_size_proxy</Source>
</ExtractVariables>