<?xml version="1.0" encoding="UTF-8" standalone="yes"?>
<AssignMessage async="false" continueOnError="false" enabled="true" name="1-AM-ErrorHandling">
    <DisplayName>1-AM-ErrorHandling</DisplayName>
    <Properties/>
    <Set>
        <Payload contentType="text/xml" variablePrefix="$" variableSuffix="#">
            <SOAP-ENV:Envelope xmlns:SOAP-ENV="http://schemas.xmlsoap.org/soap/envelope/">
                <SOAP-ENV:Header/>
                <SOAP-ENV:Body>
                    <SOAP-ENV:Fault>
                        <faultcode>SOAP-ENV:Server</faultcode>
                        <faultstring>This is an operation implementation generated fault</faultstring>
                        <faultactor/>
                        <detail>
                            <ns:Fault xmlns:ns="http://group.vodafone.com/contract/vfo/fault/v1" xmlns:ns0="http://schemas.xmlsoap.org/soap/envelope/" xmlns:xs="http://www.w3.org/2001/XMLSchema" xmlns:xsi="http://www.w3.org/2001/XMLSchema-instance">
                                <ns1:Timestamp xmlns:ns1="http://docs.oasis-open.org/wsrf/bf-2">$timeStamp#</ns1:Timestamp>
                                <ns2:ErrorCode xmlns:ns2="http://docs.oasis-open.org/wsrf/bf-2" dialect="CSM Error Code">$errorCode#</ns2:ErrorCode>
                                <ns3:Description xmlns:ns3="http://docs.oasis-open.org/wsrf/bf-2">$description#</ns3:Description>
                                <ns:Name>$name#</ns:Name>
                                <ns:Severity>$severity#</ns:Severity>
                                <ns:Category>$category#</ns:Category>
                                <ns:ReasonCode>$reasonCode#</ns:ReasonCode>
                                <ns:Message>$errorMessage#</ns:Message>
                                <ns:Failures>
                                    <ns:Failure>
                                        <ns:Text>$failure#</ns:Text>
                                    </ns:Failure>
                                </ns:Failures>
                            </ns:Fault>
                        </detail>
                    </SOAP-ENV:Fault>
                </SOAP-ENV:Body>
            </SOAP-ENV:Envelope>
        </Payload>
    </Set>
    <IgnoreUnresolvedVariables>true</IgnoreUnresolvedVariables>
    <AssignTo createNew="false" transport="http" type="request"/>
</AssignMessage>