<?xml version="1.0" encoding="UTF-8" standalone="yes"?>
<AssignMessage name="3-AM-AssignPreflightResponseNoHeaders" async="false" continueOnError="false" enabled="true">
    <DisplayName>3-AM-AssignPreflightResponseNoHeaders</DisplayName>
    <Properties/>
    <FaultRules/>
    <AssignTo type="response" createNew="true">message</AssignTo>
    <Set>
        <StatusCode>200</StatusCode>
        <ReasonPhrase>OK</ReasonPhrase>
    </Set>
    <IgnoreUnresolvedVariables>true</IgnoreUnresolvedVariables>
</AssignMessage>