<?xml version="1.0" encoding="UTF-8" standalone="yes"?>
<AssignMessage async="false" continueOnError="false" enabled="true" name="Api_AssignMessage_ManageContentType">
    <DisplayName>Api_AssignMessage_ManageContentType</DisplayName>
    <Properties/>
    <AssignVariable>
        <Name>ws.contenttype</Name>
        <Template>{substring(request.header.Content-Type.values,1,-1)}</Template>
    </AssignVariable>
    <AssignVariable>
        <Name>ws.accept</Name>
        <Template>{substring(request.header.Accept,1,-1)}</Template>
    </AssignVariable>
    <IgnoreUnresolvedVariables>true</IgnoreUnresolvedVariables>
    <AssignTo createNew="false" transport="http" type="request"/>
</AssignMessage>