<?xml version="1.0" encoding="UTF-8" standalone="yes"?>
<AssignMessage async="false" continueOnError="false" enabled="true" name="Api_FlowCallout_CaptureFrontendDetails">
    <DisplayName>Api_FlowCallout_CaptureFrontendDetails</DisplayName>
    <FaultRules/>
    <Properties/>
    <AssignVariable>
        <Name>originalReq</Name>
        <Value/>
        <Ref>request.content</Ref>
    </AssignVariable>
    <IgnoreUnresolvedVariables>true</IgnoreUnresolvedVariables>
    <AssignTo createNew="false" transport="http" type="request"/>
</AssignMessage>