<?xml version="1.0" encoding="UTF-8" standalone="yes"?>
<SharedFlow name="default">
    <Step>
        <Name>3-KVMO-GetCORSList</Name>
    </Step>
    <Step>
        <Condition>(CORSValues == null)</Condition>
        <Name>3-KVMO-GetDefaultCORSList</Name>
    </Step>
    <Step>
        <Name>3-EV-ExtractCORSList</Name>
    </Step>
    <Step>
        <Name>ProcessNetworkCorsSimpleRequest</Name>
    </Step>
    <Step>
        <Condition>(request.verb != "OPTIONS") and (isValidOriginPresent == true )</Condition>
        <Name>3-AM-CORSAssignSimpleResponse</Name>
    </Step>
</SharedFlow>