<?xml version="1.0" encoding="UTF-8" standalone="yes"?>
<Manifest name="manifest">
    <Policies>
        <VersionInfo resourceName="1-Q-ApplyQuota" version="SHA-512:40a756216c0d2d837706ee6407434670b50d18f882c295faa931aab756ebd4e13e488f978f89347ed79ca132c1a8f704d9ffc564bf9ac98e32300ee9528d8ce5"/>
        <VersionInfo resourceName="3-EV-ParseQuotaConfig" version="SHA-512:30b2440d9ea85f8f57eb46f5013f7e559eef24ea8bc534cb4d1285a82f0bfb5731c3778311f87d644ea5cf897d2dc55b19c27d5ee3409959f357a562de102d9c"/>
        <VersionInfo resourceName="3-KVMO-GetQuotaConfig" version="SHA-512:3ce38fb0e003b7e7cd59263e37e7ccf8f4bb355619ead91001201afc920a75a6e8022e5219a4209d7234aa3fdf4141005245d87dfb539446bd57190f67aa6339"/>
        <VersionInfo resourceName="3-KVMO-GetQuotaConfigDefault" version="SHA-512:66485abe04e556b1463943899c631b9b5dc8ddc9e201c9bc1753b350cb355c086bc91af10e5e587665e4232af5b7b8e12b8168015dcd7dde3874fb1156b5deab"/>
    </Policies>
    <ProxyEndpoints/>
    <Resources/>
    <SharedFlows>
        <VersionInfo resourceName="default" version="SHA-512:6ba560d5ab8bfea88bb5dc0a08ff1d3a016c2843a894550f276af07224a0b85eb036337f276152ad0bf631e502c0805abaf3f835e4bef2a0c8eb89f1e6568f1a"/>
    </SharedFlows>
    <TargetEndpoints/>
</Manifest>
