<?xml version="1.0" encoding="UTF-8" standalone="yes"?>
<SharedFlowBundle revision="3" name="0-SF-BasicAuth">
    <ConfigurationVersion majorVersion="4" minorVersion="0"/>
    <CreatedAt>1581574626530</CreatedAt>
    <CreatedBy>merin_jose01@infosys.com</CreatedBy>
    <Description>Basic Authorization</Description>
    <DisplayName>0-SF-BasicAuth</DisplayName>
    <LastModifiedAt>1581574626530</LastModifiedAt>
    <LastModifiedBy>merin_jose01@infosys.com</LastModifiedBy>
    <ManifestVersion>SHA-512:07c5b9eef58494f961b7dace1ec1e0b8f66d94c75fdb44b4a25fe997f369675deb349e8eaf463aa483327a23623f630b25502ad5c899edc6adf22e1ca1ddd357:ap-northeast-1</ManifestVersion>
    <Policies>
        <Policy>2-BA-BasicAuthorization</Policy>
        <Policy>2-VAK-VerifyApiKey</Policy>
        <Policy>3-RF-Raise-Fault</Policy>
        <Policy>4-JS-ExtractApiSecret</Policy>
    </Policies>
    <Resources>
        <Resource>jsc://VerifyApiSecret.js</Resource>
        <Resource>jsc://invokePolicy.js</Resource>
    </Resources>
    <Spec></Spec>
    <subType>SharedFlow</subType>
    <SharedFlows>
        <SharedFlow>default</SharedFlow>
    </SharedFlows>
</SharedFlowBundle>
