<?xml version="1.0" encoding="UTF-8" standalone="yes"?>
<SharedFlow name="default">
    <Step>
        <Name>4-JS-GenerateCorrelationId</Name>
    </Step>
    <Step>
        <Name>3-KVMO-GetLogConfig</Name>
    </Step>
    <Step>
        <Condition>private.logConfig == null</Condition>
        <Name>3-KVMO-GetLogConfigDefault</Name>
    </Step>
    <Step>
        <Name>3-EV-ParseLogConfig</Name>
    </Step>
    <Step>
        <Name>4-JS-LoggingContent</Name>
    </Step>
    <Step>
        <Name>4-ML-Syslog</Name>
    </Step>
</SharedFlow>