<?xml version="1.0" encoding="UTF-8" standalone="yes"?>
<Quota async="false" continueOnError="false" enabled="true" name="1-Q-ThrottlingApi1min">
    <DisplayName>1-Q-ThrottlingApi1min</DisplayName>
    <FaultRules/>
    <Properties/>
    <Allow count="0" countRef="quota"/>
    <Interval>1</Interval>
    <DataStoreFailureModeOpen>false</DataStoreFailureModeOpen>
    <Distributed>true</Distributed>
    <PreciseAtSecondsLevel>false</PreciseAtSecondsLevel>
    <Synchronous>true</Synchronous>
    <TimeUnit>minute</TimeUnit>
</Quota>