<?xml version="1.0" encoding="UTF-8" standalone="yes"?>
<SharedFlowBundle revision="2" name="0-SF-ErrorHandling">
    <ConfigurationVersion majorVersion="4" minorVersion="0"/>
    <CreatedAt>1601581723525</CreatedAt>
    <CreatedBy>vaibhav_pansari@infosys.com</CreatedBy>
    <Description>This Shared Flow is used as placeholder for handling errors in proxy</Description>
    <DisplayName>0-SF-ErrorHandling</DisplayName>
    <LastModifiedAt>1601648284016</LastModifiedAt>
    <LastModifiedBy>vaibhav_pansari@infosys.com</LastModifiedBy>
    <ManifestVersion>SHA-512:51a1c598e43ecfe067cee29ec5a311d8c36c577dead49c761db80f972eca4e5127b3e97005641aff4ecf0b4d54f417e3503d07ea57d3d4b6ea7218691a51aa2d:ap-northeast-1</ManifestVersion>
    <Policies>
        <Policy>1-AM-ErrorHandling</Policy>
    </Policies>
    <Resources/>
    <Spec></Spec>
    <subType>SharedFlow</subType>
    <SharedFlows>
        <SharedFlow>default</SharedFlow>
    </SharedFlows>
</SharedFlowBundle>
