<?xml version="1.0" encoding="UTF-8" standalone="yes"?>
<SharedFlowBundle revision="9" name="SF-Logging">
    <ConfigurationVersion majorVersion="4" minorVersion="0"/>
    <CreatedAt>1657177055110</CreatedAt>
    <CreatedBy>shrenikkumar_s@infosys.com</CreatedBy>
    <Description>Logging common framework for creating logs and forwarding them to Splunk</Description>
    <DisplayName>SF-Logging</DisplayName>
    <LastModifiedAt>1657895775726</LastModifiedAt>
    <LastModifiedBy>shrenikkumar_s@infosys.com</LastModifiedBy>
    <ManifestVersion>SHA-512:d7d556b537cfdff0cb1e8a4538241a97c17acb5a3329e120da651359701c7ef49b92d86f1c1d59b316feb91c37f86ac316bd649f2367dbf2f7eeb1ca6b203b7a:ap-northeast-1</ManifestVersion>
    <Policies>
        <Policy>3-EV-ParseLogConfig</Policy>
        <Policy>3-KVMO-GetLogConfig</Policy>
        <Policy>3-KVMO-GetLogConfigDefault</Policy>
        <Policy>4-JS-GenerateCorrelationId</Policy>
        <Policy>4-JS-LoggingContent</Policy>
        <Policy>4-ML-Syslog</Policy>
    </Policies>
    <Resources>
        <Resource>jsc://GenerateCorrelationId/GenerateCorrelationId.js</Resource>
        <Resource>jsc://GenerateCorrelationId/InvokePolicy.js</Resource>
        <Resource>jsc://LoggingContent/InvokePolicy.js</Resource>
        <Resource>jsc://LoggingContent/LoggingContent.js</Resource>
    </Resources>
    <Spec></Spec>
    <subType>SharedFlow</subType>
    <SharedFlows>
        <SharedFlow>default</SharedFlow>
    </SharedFlows>
</SharedFlowBundle>
